種キーワード,関連キーワード,カテゴリ,検索意図,優先度
産後 ダイエット ジム,産後ダイエット いつから,時期,情報収集,高
産後 ダイエット ジム,産後 ジム いつから,時期,情報収集,高
産後 ダイエット ジム,産後ダイエット 6ヶ月,時期,情報収集,中
産後 ダイエット ジム,産後ダイエット 子連れ OK ジム,条件,比較検討,高
産後 ダイエット ジム,産後ダイエット パーソナルジム,ジム種別,比較検討,高
産後 ダイエット ジム,産後ダイエット パーソナルジム おすすめ,ジム種別,比較検討,高
産後 ダイエット ジム,産後 パーソナルジム 子連れ,条件,比較検討,高
産後 ダイエット ジム,産後ダイエット オンライン,ジム種別,比較検討,中
産後 ダイエット ジム,産後ダイエット 骨盤,方法,情報収集,中
産後 ダイエット ジム,産後ダイエット 授乳中,体の状態,情報収集,中
産後 ダイエット ジム,産後ダイエット 帝王切開,体の状態,情報収集,中
産後 ダイエット ジム,産後ダイエット 女性専用ジム,ジム種別,比較検討,中
産後 ダイエット ジム,産後ダイエット 託児所付き ジム,条件,比較検討,高
産後 ダイエット ジム,産後ダイエット 筋トレ,方法,情報収集,中
産後 ダイエット ジム,産後ダイエット ストレッチ,方法,情報収集,低
産後 ダイエット ジム,産後ダイエット ウォーキング,方法,情報収集,低
産後 ダイエット ジム,産後 ジム 東京,地域,比較検討,中
産後 ダイエット ジム,産後 ジム 大阪,地域,比較検討,中
産後 ダイエット ジム,産後ダイエット 食事制限,食事,情報収集,中
産後 ダイエット ジム,産後ダイエット PFCバランス,食事,情報収集,低
産後 ダイエット ジム,産後太り 解消,悩み,情報収集,中
産後 ダイエット ジム,産後 体型戻し,悩み,情報収集,中
産後 ダイエット ジム,産後 ジム ベビーカー入店可,条件,比較検討,中
パーソナルジム 社会人,パーソナルジム 社会人 おすすめ,おすすめ,比較検討,高
パーソナルジム 社会人,パーソナルジム 社会人 通い方,方法,情報収集,中
パーソナルジム 社会人,パーソナルジム 社会人 頻度,頻度,情報収集,高
パーソナルジム 社会人,パーソナルジム 社会人 費用,費用,情報収集,高
パーソナルジム 社会人,パーソナルジム 忙しい 社会人,悩み,情報収集,中
パーソナルジム 社会人,パーソナルジム 仕事帰り,条件,比較検討,高
パーソナルジム 社会人,パーソナルジム 夜遅く,条件,比較検討,中
パーソナルジム 社会人,パーソナルジム 朝活,条件,比較検討,中
パーソナルジム 社会人,パーソナルジム 週1,頻度,情報収集,中
パーソナルジム 社会人,パーソナルジム 週2,頻度,情報収集,高
パーソナルジム 社会人,パーソナルジム 費用 相場,費用,情報収集,高
パーソナルジム 社会人,パーソナルジム 安い おすすめ,費用,比較検討,高
パーソナルジム 社会人,パーソナルジム 手ぶら,条件,比較検討,中
パーソナルジム 社会人,パーソナルジム 駅近,条件,比較検討,中
パーソナルジム 社会人,パーソナルジム 通勤ルート,条件,比較検討,中
パーソナルジム 社会人,パーソナルジム 続かない,悩み,情報収集,中
パーソナルジム 社会人,パーソナルジム 初心者,ターゲット,情報収集,中
パーソナルジム 社会人,パーソナルジム 効果,効果,情報収集,高
パーソナルジム 社会人,パーソナルジム 2ヶ月 効果,効果,情報収集,中
パーソナルジム 社会人,パーソナルジム 月額 3万,費用,比較検討,中
パーソナルジム 社会人,パーソナルジム 回数券,費用,比較検討,中
パーソナルジム 社会人,パーソナルジム 予約取りやすい,条件,比較検討,中
パーソナルジム 社会人,パーソナルジム 土日,条件,比較検討,中
パーソナルジム 社会人,社会人 ジム スケジュール,方法,情報収集,中
パーソナルジム 社会人,残業 多い ジム 通い方,悩み,情報収集,中
結婚式 ダイエット,結婚式 ダイエット いつから,時期,情報収集,高
結婚式 ダイエット,結婚式 ダイエット 半年前,時期,情報収集,高
結婚式 ダイエット,結婚式 ダイエット 3ヶ月前,時期,情報収集,高
結婚式 ダイエット,結婚式 ダイエット 1ヶ月前,時期,情報収集,中
結婚式 ダイエット,結婚式 ダイエット 1年前,時期,情報収集,中
結婚式 ダイエット,花嫁ダイエット,ブランドKW,情報収集,高
結婚式 ダイエット,ブライダルダイエット,ブランドKW,情報収集,高
結婚式 ダイエット,結婚式 ダイエット 二の腕,部位,情報収集,高
結婚式 ダイエット,結婚式 ダイエット 背中,部位,情報収集,高
結婚式 ダイエット,結婚式 ダイエット ウエスト,部位,情報収集,中
結婚式 ダイエット,結婚式 ダイエット デコルテ,部位,情報収集,中
結婚式 ダイエット,結婚式 ダイエット フェイスライン,部位,情報収集,中
結婚式 ダイエット,結婚式 ダイエット 小顔,部位,情報収集,中
結婚式 ダイエット,結婚式 ダイエット 食事制限,方法,情報収集,中
結婚式 ダイエット,結婚式 ダイエット 筋トレ,方法,情報収集,高
結婚式 ダイエット,結婚式 ダイエット パーソナルジム,方法,比較検討,高
結婚式 ダイエット,ブライダルエステ,方法,比較検討,高
結婚式 ダイエット,結婚式 ダイエット プロテイン,方法,情報収集,低
結婚式 ダイエット,結婚式 ダイエット 置き換え,方法,情報収集,低
結婚式 ダイエット,結婚式 ダイエット 5キロ,目標,情報収集,高
結婚式 ダイエット,結婚式 ダイエット 10キロ,目標,情報収集,中
結婚式 ダイエット,結婚式 ダイエット 3キロ,目標,情報収集,中
結婚式 ダイエット,結婚式 ダイエット 何キロ痩せた,目標,情報収集,高
結婚式 ダイエット,結婚式 ダイエット 成功例,実績,情報収集,高
結婚式 ダイエット,ウェディングドレス 着こなし,関連,情報収集,中
結婚式 ダイエット,結婚式 ダイエット 最終フィッティング,時期,情報収集,中
結婚式 ダイエット,結婚式 ダイエット リバウンド,悩み,情報収集,中
結婚式 ダイエット,結婚式 ダイエット 肌荒れ,悩み,情報収集,低
結婚式 ダイエット,結婚式 ダイエット 追い込み,方法,情報収集,中
結婚式 ダイエット,結婚式 ダイエット むくみ,悩み,情報収集,中
結婚式 ダイエット,結婚式前 ボディメイク,方法,情報収集,中
