種キーワード,サジェストキーワード,語数,データソース
パーソナルジム 効果,パーソナルジム ダイエット 効果,3,Google Suggest API
パーソナルジム 効果,パーソナルジム 三ヶ月 効果,3,Google Suggest API
パーソナルジム 効果,パーソナルジム 二ヶ月 効果,3,Google Suggest API
パーソナルジム 効果,パーソナルジム 何ヶ月 効果,3,Google Suggest API
パーソナルジム 効果,パーソナルジム 効果,2,Google Suggest API
パーソナルジム 効果,パーソナルジム 効果 いつから,3,Google Suggest API
パーソナルジム 効果,パーソナルジム 効果 ない,3,Google Suggest API
パーソナルジム 効果,パーソナルジム 効果 ブログ,3,Google Suggest API
パーソナルジム 効果,パーソナルジム 効果 女性,3,Google Suggest API
パーソナルジム 効果,パーソナルジム 効果 期間,3,Google Suggest API
パーソナルジム 効果,パーソナルジム 効果 知恵袋,3,Google Suggest API
パーソナルジム 効果,パーソナルジム 効果ある,2,Google Suggest API
パーソナルジム 効果,パーソナルジム 効果ない,2,Google Suggest API
パーソナルジム 効果,パーソナルジム 半年 効果,3,Google Suggest API
パーソナルジム 効果,パーソナルジム 月2回 効果,3,Google Suggest API
パーソナルジム 効果,パーソナルジム 月4回 効果,3,Google Suggest API
パーソナルジム 効果,パーソナルジム 月6回 効果,3,Google Suggest API
パーソナルジム 効果,パーソナルジム 月8回 効果,3,Google Suggest API
パーソナルジム 効果,パーソナルジム 月何回 効果,3,Google Suggest API
パーソナルジム 効果,パーソナルジム 週1 効果,3,Google Suggest API
パーソナルジム 効果,パーソナルジム 週2 効果,3,Google Suggest API
パーソナルジム 効果,パーソナルジム 週3 効果,3,Google Suggest API
パーソナルジム 効果,パーソナルジム 週一回 効果,3,Google Suggest API
パーソナルジム おすすめ,つくば パーソナルジム おすすめ,3,Google Suggest API
パーソナルジム おすすめ,オンライン パーソナルジム おすすめ,3,Google Suggest API
パーソナルジム おすすめ,パーソナルジム おすすめ,2,Google Suggest API
パーソナルジム おすすめ,パーソナルジム おすすめ コスパ,3,Google Suggest API
パーソナルジム おすすめ,パーソナルジム おすすめ ダイエット,3,Google Suggest API
パーソナルジム おすすめ,パーソナルジム おすすめ ランキング,3,Google Suggest API
パーソナルジム おすすめ,パーソナルジム おすすめ 初心者,3,Google Suggest API
パーソナルジム おすすめ,パーソナルジム おすすめ 千葉,3,Google Suggest API
パーソナルジム おすすめ,パーソナルジム おすすめ 名古屋,3,Google Suggest API
パーソナルジム おすすめ,パーソナルジム おすすめ 埼玉,3,Google Suggest API
パーソナルジム おすすめ,パーソナルジム おすすめ 大阪,3,Google Suggest API
パーソナルジム おすすめ,パーソナルジム おすすめ 女性,3,Google Suggest API
パーソナルジム おすすめ,パーソナルジム おすすめ 安い,3,Google Suggest API
パーソナルジム おすすめ,パーソナルジム おすすめ 新宿,3,Google Suggest API
パーソナルジム おすすめ,パーソナルジム おすすめ 札幌,3,Google Suggest API
パーソナルジム おすすめ,パーソナルジム おすすめ 東京,3,Google Suggest API
パーソナルジム おすすめ,パーソナルジム おすすめ 横浜,3,Google Suggest API
パーソナルジム おすすめ,パーソナルジム おすすめ 池袋,3,Google Suggest API
パーソナルジム おすすめ,パーソナルジム おすすめ 男,3,Google Suggest API
パーソナルジム おすすめ,パーソナルジム おすすめ 男性,3,Google Suggest API
パーソナルジム おすすめ,パーソナルジム おすすめ 知恵袋,3,Google Suggest API
パーソナルジム おすすめ,パーソナルジム おすすめ 福岡,3,Google Suggest API
パーソナルジム おすすめ,パーソナルジム おすすめ 都内,3,Google Suggest API
パーソナルジム おすすめ,パーソナルジム ダイエット 女性 おすすめ,4,Google Suggest API
パーソナルジム おすすめ,パーソナルジム メンズ おすすめ,3,Google Suggest API
パーソナルジム おすすめ,パーソナルジム 京橋 おすすめ,3,Google Suggest API
パーソナルジム おすすめ,パーソナルジム 器具 おすすめ,3,Google Suggest API
パーソナルジム おすすめ,パーソナルジム 大阪 女性 おすすめ,4,Google Suggest API
パーソナルジム おすすめ,パーソナルジム 天王寺 おすすめ,3,Google Suggest API
パーソナルジム おすすめ,パーソナルジム 女性トレーナー おすすめ,3,Google Suggest API
パーソナルジム おすすめ,パーソナルジム 富山 おすすめ,3,Google Suggest API
パーソナルジム おすすめ,パーソナルジム 就職 おすすめ,3,Google Suggest API
パーソナルジム おすすめ,パーソナルジム 川越 おすすめ,3,Google Suggest API
パーソナルジム おすすめ,パーソナルジム 新潟 おすすめ,3,Google Suggest API
パーソナルジム おすすめ,パーソナルジム 時間 おすすめ,3,Google Suggest API
パーソナルジム おすすめ,パーソナルジム 東京 女性 おすすめ,4,Google Suggest API
パーソナルジム おすすめ,パーソナルジム 痩せる おすすめ,3,Google Suggest API
パーソナルジム おすすめ,パーソナルジム 神奈川 おすすめ,3,Google Suggest API
パーソナルジム おすすめ,パーソナルジム 船橋 おすすめ,3,Google Suggest API
パーソナルジム おすすめ,パーソナルジム 藤沢 おすすめ,3,Google Suggest API
パーソナルジム おすすめ,パーソナルジム 近く おすすめ,3,Google Suggest API
パーソナルジム おすすめ,パーソナルジム 郡山 おすすめ,3,Google Suggest API
パーソナルジム おすすめ,パーソナルジム 静岡 おすすめ,3,Google Suggest API
パーソナルジム おすすめ,パーソナルジム 頻度 おすすめ,3,Google Suggest API
パーソナルジム おすすめ,パーソナルジム 高槻 おすすめ,3,Google Suggest API
パーソナルジム おすすめ,三宮 パーソナルジム おすすめ,3,Google Suggest API
パーソナルジム おすすめ,三軒茶屋 パーソナルジム おすすめ,3,Google Suggest API
パーソナルジム おすすめ,三鷹 パーソナルジム おすすめ,3,Google Suggest API
パーソナルジム おすすめ,上大岡 パーソナルジム おすすめ,3,Google Suggest API
パーソナルジム おすすめ,上野 パーソナルジム おすすめ,3,Google Suggest API
パーソナルジム おすすめ,下北沢 パーソナルジム おすすめ,3,Google Suggest API
パーソナルジム おすすめ,中目黒 パーソナルジム おすすめ,3,Google Suggest API
パーソナルジム おすすめ,中野 パーソナルジム おすすめ,3,Google Suggest API
パーソナルジム おすすめ,二子玉川 パーソナルジム おすすめ,3,Google Suggest API
パーソナルジム おすすめ,五反田 パーソナルジム おすすめ,3,Google Suggest API
パーソナルジム おすすめ,京都 パーソナルジム おすすめ,3,Google Suggest API
パーソナルジム おすすめ,京都 パーソナルジム おすすめ ラシーヌ,4,Google Suggest API
パーソナルジム おすすめ,仙台 パーソナルジム おすすめ,3,Google Suggest API
パーソナルジム おすすめ,代々木 パーソナルジム おすすめ,3,Google Suggest API
パーソナルジム おすすめ,代々木上原 パーソナルジム おすすめ,3,Google Suggest API
パーソナルジム おすすめ,代官山 パーソナルジム おすすめ,3,Google Suggest API
パーソナルジム おすすめ,倉敷 パーソナルジム おすすめ,3,Google Suggest API
パーソナルジム おすすめ,八王子 パーソナルジム おすすめ,3,Google Suggest API
パーソナルジム おすすめ,六本木 パーソナルジム おすすめ,3,Google Suggest API
パーソナルジム おすすめ,函館 パーソナルジム おすすめ,3,Google Suggest API
パーソナルジム おすすめ,北千住 パーソナルジム おすすめ,3,Google Suggest API
パーソナルジム おすすめ,南越谷 パーソナルジム おすすめ,3,Google Suggest API
パーソナルジム おすすめ,博多 パーソナルジム おすすめ,3,Google Suggest API
パーソナルジム おすすめ,原宿 パーソナルジム おすすめ,3,Google Suggest API
パーソナルジム おすすめ,吉祥寺 パーソナルジム おすすめ,3,Google Suggest API
パーソナルジム おすすめ,品川 パーソナルジム おすすめ,3,Google Suggest API
パーソナルジム おすすめ,四ツ谷 おすすめ パーソナルジム,3,Google Suggest API
パーソナルジム おすすめ,国分寺 パーソナルジム おすすめ,3,Google Suggest API
パーソナルジム おすすめ,多摩センター パーソナルジム おすすめ,3,Google Suggest API
パーソナルジム おすすめ,多摩市 パーソナルジム おすすめ,3,Google Suggest API
パーソナルジム おすすめ,大分 パーソナルジム おすすめ,3,Google Suggest API
パーソナルジム おすすめ,大宮 パーソナルジム おすすめ,3,Google Suggest API
パーソナルジム おすすめ,大泉学園 パーソナルジム おすすめ,3,Google Suggest API
パーソナルジム おすすめ,天神 パーソナルジム おすすめ,3,Google Suggest API
パーソナルジム おすすめ,奈良 パーソナルジム おすすめ,3,Google Suggest API
パーソナルジム おすすめ,女性専用 パーソナルジム おすすめ,3,Google Suggest API
パーソナルジム おすすめ,姫路 パーソナルジム おすすめ,3,Google Suggest API
パーソナルジム おすすめ,学芸大学 パーソナルジム おすすめ,3,Google Suggest API
パーソナルジム おすすめ,宇都宮 パーソナルジム おすすめ,3,Google Suggest API
パーソナルジム おすすめ,山梨 パーソナルジム おすすめ,3,Google Suggest API
パーソナルジム おすすめ,岐阜 パーソナルジム おすすめ,3,Google Suggest API
パーソナルジム おすすめ,岡山 パーソナルジム おすすめ,3,Google Suggest API
パーソナルジム おすすめ,岡崎 パーソナルジム おすすめ,3,Google Suggest API
パーソナルジム おすすめ,川口 パーソナルジム おすすめ,3,Google Suggest API
パーソナルジム おすすめ,川崎 パーソナルジム おすすめ,3,Google Suggest API
パーソナルジム おすすめ,平塚 パーソナルジム おすすめ,3,Google Suggest API
パーソナルジム おすすめ,広島 パーソナルジム おすすめ,3,Google Suggest API
パーソナルジム おすすめ,広島 西区 パーソナルジム おすすめ,4,Google Suggest API
パーソナルジム おすすめ,府中 パーソナルジム おすすめ,3,Google Suggest API
パーソナルジム おすすめ,廿日市 パーソナルジム おすすめ,3,Google Suggest API
パーソナルジム おすすめ,心斎橋 パーソナルジム おすすめ,3,Google Suggest API
パーソナルジム おすすめ,新横浜 パーソナルジム おすすめ,3,Google Suggest API
パーソナルジム おすすめ,本八幡 パーソナルジム おすすめ,3,Google Suggest API
パーソナルジム おすすめ,松山 パーソナルジム おすすめ,3,Google Suggest API
パーソナルジム おすすめ,柏 パーソナルジム おすすめ,3,Google Suggest API
パーソナルジム おすすめ,梅田 パーソナルジム おすすめ,3,Google Suggest API
パーソナルジム おすすめ,横浜駅 パーソナルジム おすすめ,3,Google Suggest API
パーソナルジム おすすめ,武蔵小杉 パーソナルジム おすすめ,3,Google Suggest API
パーソナルジム おすすめ,武蔵浦和 パーソナルジム おすすめ,3,Google Suggest API
パーソナルジム おすすめ,水戸 パーソナルジム おすすめ,3,Google Suggest API
パーソナルジム おすすめ,沖縄 パーソナルジム おすすめ,3,Google Suggest API
パーソナルジム おすすめ,浜松 パーソナルジム おすすめ,3,Google Suggest API
パーソナルジム おすすめ,浜松町 パーソナルジム おすすめ,3,Google Suggest API
パーソナルジム おすすめ,浦和 パーソナルジム おすすめ,3,Google Suggest API
パーソナルジム おすすめ,渋谷 パーソナルジム おすすめ,3,Google Suggest API
パーソナルジム おすすめ,熊本 パーソナルジム おすすめ,3,Google Suggest API
パーソナルジム おすすめ,田町 パーソナルジム おすすめ,3,Google Suggest API
パーソナルジム おすすめ,甲府 パーソナルジム おすすめ,3,Google Suggest API
パーソナルジム おすすめ,町田 パーソナルジム おすすめ,3,Google Suggest API
パーソナルジム おすすめ,白金高輪 パーソナルジム おすすめ,3,Google Suggest API
パーソナルジム おすすめ,盛岡 パーソナルジム おすすめ,3,Google Suggest API
パーソナルジム おすすめ,目白 パーソナルジム おすすめ,3,Google Suggest API
パーソナルジム おすすめ,目黒 パーソナルジム おすすめ,3,Google Suggest API
パーソナルジム おすすめ,目黒 パーソナルジム おすすめ プラグジム,4,Google Suggest API
パーソナルジム おすすめ,相模原 パーソナルジム おすすめ,3,Google Suggest API
パーソナルジム おすすめ,神戸 パーソナルジム おすすめ,3,Google Suggest API
パーソナルジム おすすめ,神田 パーソナルジム おすすめ,3,Google Suggest API
パーソナルジム おすすめ,福井 パーソナルジム おすすめ,3,Google Suggest API
パーソナルジム おすすめ,福山 パーソナルジム おすすめ,3,Google Suggest API
パーソナルジム おすすめ,立川 パーソナルジム おすすめ,3,Google Suggest API
パーソナルジム おすすめ,筋トレ パーソナルジム おすすめ,3,Google Suggest API
パーソナルジム おすすめ,綱島 パーソナルジム おすすめ,3,Google Suggest API
パーソナルジム おすすめ,練馬 パーソナルジム おすすめ,3,Google Suggest API
パーソナルジム おすすめ,聖蹟桜ヶ丘 パーソナルジム おすすめ,3,Google Suggest API
パーソナルジム おすすめ,自由が丘 パーソナルジム おすすめ,3,Google Suggest API
パーソナルジム おすすめ,草加 パーソナルジム おすすめ,3,Google Suggest API
パーソナルジム おすすめ,蒲田 パーソナルジム おすすめ,3,Google Suggest API
パーソナルジム おすすめ,表参道 パーソナルジム おすすめ,3,Google Suggest API
パーソナルジム おすすめ,西宮 パーソナルジム おすすめ,3,Google Suggest API
パーソナルジム おすすめ,調布 パーソナルジム おすすめ,3,Google Suggest API
パーソナルジム おすすめ,那覇 パーソナルジム おすすめ,3,Google Suggest API
パーソナルジム おすすめ,銀座 パーソナルジム おすすめ,3,Google Suggest API
パーソナルジム おすすめ,錦糸町 パーソナルジム おすすめ,3,Google Suggest API
パーソナルジム おすすめ,門前仲町 パーソナルジム おすすめ,3,Google Suggest API
パーソナルジム おすすめ,関内 パーソナルジム おすすめ,3,Google Suggest API
パーソナルジム おすすめ,香里園 パーソナルジム おすすめ,3,Google Suggest API
パーソナルジム おすすめ,駒込 パーソナルジム おすすめ,3,Google Suggest API
パーソナルジム おすすめ,高宮 おすすめ パーソナルジム,3,Google Suggest API
パーソナルジム おすすめ,高崎 パーソナルジム おすすめ,3,Google Suggest API
パーソナルジム おすすめ,高田馬場 パーソナルジム おすすめ,3,Google Suggest API
パーソナルジム おすすめ,鹿児島 パーソナルジム おすすめ,3,Google Suggest API
パーソナルジム おすすめ,麹町 おすすめ パーソナルジム,3,Google Suggest API
パーソナルジム おすすめ,麻布十番 パーソナルジム おすすめ,3,Google Suggest API
パーソナルジム 女性,うるま市 パーソナルジム 女性,3,Google Suggest API
パーソナルジム 女性,たまプラーザ パーソナルジム 女性,3,Google Suggest API
パーソナルジム 女性,つくば パーソナルジム 女性,3,Google Suggest API
パーソナルジム 女性,センター北 パーソナルジム 女性,3,Google Suggest API
パーソナルジム 女性,センター南 パーソナルジム 女性,3,Google Suggest API
パーソナルジム 女性,パーソナルジム シニア 女性 向け,4,Google Suggest API
パーソナルジム 女性,パーソナルジム ダイエット 女性 おすすめ,4,Google Suggest API
パーソナルジム 女性,パーソナルジム ビフォーアフター 女性,3,Google Suggest API
パーソナルジム 女性,パーソナルジム メニュー 女性,3,Google Suggest API
パーソナルジム 女性,パーソナルジム 京都 女性 安い,4,Google Suggest API
パーソナルジム 女性,パーソナルジム 個室 女性,3,Google Suggest API
パーソナルジム 女性,パーソナルジム 半田 女性,3,Google Suggest API
パーソナルジム 女性,パーソナルジム 名古屋 女性 安い,4,Google Suggest API
パーソナルジム 女性,パーソナルジム 大阪 女性 ダイエット,4,Google Suggest API
パーソナルジム 女性,パーソナルジム 奈良 女性,3,Google Suggest API
パーソナルジム 女性,パーソナルジム 女性,2,Google Suggest API
パーソナルジム 女性,パーソナルジム 女性 400m 以内,4,Google Suggest API
パーソナルジム 女性,パーソナルジム 女性 800m 以内,4,Google Suggest API
パーソナルジム 女性,パーソナルジム 女性 おすすめ,3,Google Suggest API
パーソナルジム 女性,パーソナルジム 女性 インストラクター,3,Google Suggest API
パーソナルジム 女性,パーソナルジム 女性 ダイエット,3,Google Suggest API
パーソナルジム 女性,パーソナルジム 女性 トレーナー,3,Google Suggest API
パーソナルジム 女性,パーソナルジム 女性 ブログ,3,Google Suggest API
パーソナルジム 女性,パーソナルジム 女性 ボディメイク,3,Google Suggest API
パーソナルジム 女性,パーソナルジム 女性 ランキング,3,Google Suggest API
パーソナルジム 女性,パーソナルジム 女性 三宮,3,Google Suggest API
パーソナルジム 女性,パーソナルジム 女性 上野,3,Google Suggest API
パーソナルジム 女性,パーソナルジム 女性 世田谷,3,Google Suggest API
パーソナルジム 女性,パーソナルジム 女性 中野,3,Google Suggest API
パーソナルジム 女性,パーソナルジム 女性 京都,3,Google Suggest API
パーソナルジム 女性,パーソナルジム 女性 人気,3,Google Suggest API
パーソナルジム 女性,パーソナルジム 女性 仙台,3,Google Suggest API
パーソナルジム 女性,パーソナルジム 女性 体験,3,Google Suggest API
パーソナルジム 女性,パーソナルジム 女性 値段,3,Google Suggest API
パーソナルジム 女性,パーソナルジム 女性 八王子,3,Google Suggest API
パーソナルジム 女性,パーソナルジム 女性 初心者,3,Google Suggest API
パーソナルジム 女性,パーソナルジム 女性 効果,3,Google Suggest API
パーソナルジム 女性,パーソナルジム 女性 北千住,3,Google Suggest API
パーソナルジム 女性,パーソナルジム 女性 千歳烏山,3,Google Suggest API
パーソナルジム 女性,パーソナルジム 女性 千葉,3,Google Suggest API
パーソナルジム 女性,パーソナルジム 女性 千葉県,3,Google Suggest API
パーソナルジム 女性,パーソナルジム 女性 危ない,3,Google Suggest API
パーソナルジム 女性,パーソナルジム 女性 危険,3,Google Suggest API
パーソナルジム 女性,パーソナルジム 女性 口コミ,3,Google Suggest API
パーソナルジム 女性,パーソナルジム 女性 吉祥寺,3,Google Suggest API
パーソナルジム 女性,パーソナルジム 女性 名古屋,3,Google Suggest API
パーソナルジム 女性,パーソナルジム 女性 埼玉,3,Google Suggest API
パーソナルジム 女性,パーソナルジム 女性 大井町,3,Google Suggest API
パーソナルジム 女性,パーソナルジム 女性 大宮,3,Google Suggest API
パーソナルジム 女性,パーソナルジム 女性 大森,3,Google Suggest API
パーソナルジム 女性,パーソナルジム 女性 大田区,3,Google Suggest API
パーソナルジム 女性,パーソナルジム 女性 大阪,3,Google Suggest API
パーソナルジム 女性,パーソナルジム 女性 天王寺,3,Google Suggest API
パーソナルジム 女性,パーソナルジム 女性 太りたい,3,Google Suggest API
パーソナルジム 女性,パーソナルジム 女性 学生,3,Google Suggest API
パーソナルジム 女性,パーソナルジム 女性 安い,3,Google Suggest API
パーソナルジム 女性,パーソナルジム 女性 安い 東京,4,Google Suggest API
パーソナルジム 女性,パーソナルジム 女性 宝塚,3,Google Suggest API
パーソナルジム 女性,パーソナルジム 女性 川口,3,Google Suggest API
パーソナルジム 女性,パーソナルジム 女性 川崎,3,Google Suggest API
パーソナルジム 女性,パーソナルジム 女性 広島,3,Google Suggest API
パーソナルジム 女性,パーソナルジム 女性 恵比寿,3,Google Suggest API
パーソナルジム 女性,パーソナルジム 女性 愛知,3,Google Suggest API
パーソナルジム 女性,パーソナルジム 女性 所沢,3,Google Suggest API
パーソナルジム 女性,パーソナルジム 女性 文京区,3,Google Suggest API
パーソナルジム 女性,パーソナルジム 女性 料金,3,Google Suggest API
パーソナルジム 女性,パーソナルジム 女性 新宿,3,Google Suggest API
パーソナルジム 女性,パーソナルジム 女性 日本橋,3,Google Suggest API
パーソナルジム 女性,パーソナルジム 女性 月額,3,Google Suggest API
パーソナルジム 女性,パーソナルジム 女性 服装,3,Google Suggest API
パーソナルジム 女性,パーソナルジム 女性 札幌,3,Google Suggest API
パーソナルジム 女性,パーソナルジム 女性 東京,3,Google Suggest API
パーソナルジム 女性,パーソナルジム 女性 松戸,3,Google Suggest API
パーソナルジム 女性,パーソナルジム 女性 板橋区,3,Google Suggest API
パーソナルジム 女性,パーソナルジム 女性 柏,3,Google Suggest API
パーソナルジム 女性,パーソナルジム 女性 梅田,3,Google Suggest API
パーソナルジム 女性,パーソナルジム 女性 横浜,3,Google Suggest API
パーソナルジム 女性,パーソナルジム 女性 武蔵小杉,3,Google Suggest API
パーソナルジム 女性,パーソナルジム 女性 比較,3,Google Suggest API
パーソナルジム 女性,パーソナルジム 女性 求人,3,Google Suggest API
パーソナルジム 女性,パーソナルジム 女性 池袋,3,Google Suggest API
パーソナルジム 女性,パーソナルジム 女性 沖縄,3,Google Suggest API
パーソナルジム 女性,パーソナルジム 女性 津田沼,3,Google Suggest API
パーソナルジム 女性,パーソナルジム 女性 浦和,3,Google Suggest API
パーソナルジム 女性,パーソナルジム 女性 浦安,3,Google Suggest API
パーソナルジム 女性,パーソナルジム 女性 渋谷,3,Google Suggest API
パーソナルジム 女性,パーソナルジム 女性 男性トレーナー,3,Google Suggest API
パーソナルジム 女性,パーソナルジム 女性 町田,3,Google Suggest API
パーソナルジム 女性,パーソナルジム 女性 痩せる,3,Google Suggest API
パーソナルジム 女性,パーソナルジム 女性 目黒,3,Google Suggest API
パーソナルジム 女性,パーソナルジム 女性 相場,3,Google Suggest API
パーソナルジム 女性,パーソナルジム 女性 知恵袋,3,Google Suggest API
パーソナルジム 女性,パーソナルジム 女性 神奈川,3,Google Suggest API
パーソナルジム 女性,パーソナルジム 女性 神戸,3,Google Suggest API
パーソナルジム 女性,パーソナルジム 女性 福岡,3,Google Suggest API
パーソナルジム 女性,パーソナルジム 女性 立川,3,Google Suggest API
パーソナルジム 女性,パーソナルジム 女性 練馬,3,Google Suggest API
パーソナルジム 女性,パーソナルジム 女性 群馬,3,Google Suggest API
パーソナルジム 女性,パーソナルジム 女性 自由が丘,3,Google Suggest API
パーソナルジム 女性,パーソナルジム 女性 船橋,3,Google Suggest API
パーソナルジム 女性,パーソナルジム 女性 蒲田,3,Google Suggest API
パーソナルジム 女性,パーソナルジム 女性 藤沢,3,Google Suggest API
パーソナルジム 女性,パーソナルジム 女性 行徳,3,Google Suggest API
パーソナルジム 女性,パーソナルジム 女性 西宮,3,Google Suggest API
パーソナルジム 女性,パーソナルジム 女性 調布,3,Google Suggest API
パーソナルジム 女性,パーソナルジム 女性 赤羽,3,Google Suggest API
パーソナルジム 女性,パーソナルジム 女性 足立区,3,Google Suggest API
パーソナルジム 女性,パーソナルジム 女性 近く,3,Google Suggest API
パーソナルジム 女性,パーソナルジム 女性 選び方,3,Google Suggest API
パーソナルジム 女性,パーソナルジム 女性 都内,3,Google Suggest API
パーソナルジム 女性,パーソナルジム 女性 都度払い,3,Google Suggest API
パーソナルジム 女性,パーソナルジム 女性 都筑区,3,Google Suggest API
パーソナルジム 女性,パーソナルジム 女性 金額,3,Google Suggest API
パーソナルジム 女性,パーソナルジム 女性 銀座,3,Google Suggest API
パーソナルジム 女性,パーソナルジム 女性 錦糸町,3,Google Suggest API
パーソナルジム 女性,パーソナルジム 女性 難波,3,Google Suggest API
パーソナルジム 女性,パーソナルジム 女性 高円寺,3,Google Suggest API
パーソナルジム 女性,パーソナルジム 女性 高松,3,Google Suggest API
パーソナルジム 女性,パーソナルジム 女性 高田馬場,3,Google Suggest API
パーソナルジム 女性,パーソナルジム 女性 高評価,3,Google Suggest API
パーソナルジム 女性,パーソナルジム 女性トレーナー,2,Google Suggest API
パーソナルジム 女性,パーソナルジム 女性トレーナー 安い,3,Google Suggest API
パーソナルジム 女性,パーソナルジム 女性トレーナーのみ,2,Google Suggest API
パーソナルジム 女性,パーソナルジム 女性トレーナーのみ 大阪,3,Google Suggest API
パーソナルジム 女性,パーソナルジム 女性専用,2,Google Suggest API
パーソナルジム 女性,パーソナルジム 新潟 女性,3,Google Suggest API
パーソナルジム 女性,パーソナルジム 東京 女性 ダイエット,4,Google Suggest API
パーソナルジム 女性,パーソナルジム 水戸 女性,3,Google Suggest API
パーソナルジム 女性,パーソナルジム 滋賀 女性,3,Google Suggest API
パーソナルジム 女性,パーソナルジム 滋賀 女性 トレーナー,4,Google Suggest API
パーソナルジム 女性,パーソナルジム 長岡 女性,3,Google Suggest API
パーソナルジム 女性,パーソナルジム 頻度 女性,3,Google Suggest API
パーソナルジム 女性,三島 パーソナルジム 女性,3,Google Suggest API
パーソナルジム 女性,三軒茶屋 パーソナルジム 女性,3,Google Suggest API
パーソナルジム 女性,三鷹 パーソナルジム 女性,3,Google Suggest API
パーソナルジム 女性,上本町 パーソナルジム 女性,3,Google Suggest API
パーソナルジム 女性,上越 パーソナルジム 女性,3,Google Suggest API
パーソナルジム 女性,上野 パーソナルジム 女性 トレーナー,4,Google Suggest API
パーソナルジム 女性,下北沢 パーソナルジム 女性,3,Google Suggest API
パーソナルジム 女性,中 目黒 パーソナルジム 女性,4,Google Suggest API
パーソナルジム 女性,中央区 パーソナルジム 女性,3,Google Suggest API
パーソナルジム 女性,中目黒 パーソナルジム 女性,3,Google Suggest API
パーソナルジム 女性,久留米 パーソナルジム 女性,3,Google Suggest API
パーソナルジム 女性,二子 玉川 パーソナルジム 女性,4,Google Suggest API
パーソナルジム 女性,二子玉川 パーソナルジム 女性,3,Google Suggest API
パーソナルジム 女性,五反田 パーソナルジム 女性,3,Google Suggest API
パーソナルジム 女性,五所川原 パーソナルジム 女性,3,Google Suggest API
パーソナルジム 女性,京橋 パーソナルジム 女性,3,Google Suggest API
パーソナルジム 女性,人形町 パーソナルジム 女性,3,Google Suggest API
パーソナルジム 女性,仙台 パーソナルジム 女性 安い,4,Google Suggest API
パーソナルジム 女性,仙川 パーソナルジム 女性,3,Google Suggest API
パーソナルジム 女性,代々木 パーソナルジム 女性,3,Google Suggest API
パーソナルジム 女性,代々木上原 パーソナルジム 女性,3,Google Suggest API
パーソナルジム 女性,代官山 パーソナルジム 女性,3,Google Suggest API
パーソナルジム 女性,佐世保 パーソナルジム 女性,3,Google Suggest API
パーソナルジム 女性,佐賀 パーソナルジム 女性,3,Google Suggest API
パーソナルジム 女性,倉敷 パーソナルジム 女性,3,Google Suggest API
パーソナルジム 女性,元住吉 パーソナルジム 女性,3,Google Suggest API
パーソナルジム 女性,元町 パーソナルジム 女性,3,Google Suggest API
パーソナルジム 女性,八戸 パーソナルジム 女性,3,Google Suggest API
パーソナルジム 女性,六本木 パーソナルジム 女性,3,Google Suggest API
パーソナルジム 女性,函館 パーソナルジム 女性,3,Google Suggest API
パーソナルジム 女性,別府 パーソナルジム 女性,3,Google Suggest API
パーソナルジム 女性,前橋 パーソナルジム 女性,3,Google Suggest API
パーソナルジム 女性,北九州 パーソナルジム 女性,3,Google Suggest API
パーソナルジム 女性,十三 パーソナルジム 女性,3,Google Suggest API
パーソナルジム 女性,千葉市 パーソナルジム 女性,3,Google Suggest API
パーソナルジム 女性,千葉駅 パーソナルジム 女性,3,Google Suggest API
パーソナルジム 女性,南森町 パーソナルジム 女性,3,Google Suggest API
パーソナルジム 女性,南浦和 パーソナルジム 女性,3,Google Suggest API
パーソナルジム 女性,南越谷 パーソナルジム 女性,3,Google Suggest API
パーソナルジム 女性,博多 パーソナルジム 女性,3,Google Suggest API
パーソナルジム 女性,原宿 パーソナルジム 女性,3,Google Suggest API
パーソナルジム 女性,名駅 パーソナルジム 女性,3,Google Suggest API
パーソナルジム 女性,吹田 パーソナルジム 女性,3,Google Suggest API
パーソナルジム 女性,和歌山 パーソナルジム 女性,3,Google Suggest API
パーソナルジム 女性,和歌山市 パーソナルジム 女性,3,Google Suggest API
パーソナルジム 女性,品川 パーソナルジム 女性,3,Google Suggest API
パーソナルジム 女性,四日市 パーソナルジム 女性,3,Google Suggest API
パーソナルジム 女性,四谷 パーソナルジム 女性,3,Google Suggest API
パーソナルジム 女性,国分寺 パーソナルジム 女性,3,Google Suggest API
パーソナルジム 女性,堀江 パーソナルジム 女性,3,Google Suggest API
パーソナルジム 女性,堺市 パーソナルジム 女性,3,Google Suggest API
パーソナルジム 女性,堺東 パーソナルジム 女性,3,Google Suggest API
パーソナルジム 女性,塚口 パーソナルジム 女性,3,Google Suggest API
パーソナルジム 女性,墨田区 パーソナルジム 女性,3,Google Suggest API
パーソナルジム 女性,大 井町 パーソナルジム 女性,4,Google Suggest API
パーソナルジム 女性,大阪 パーソナルジム 女性 おすすめ,4,Google Suggest API
パーソナルジム 女性,大阪 パーソナルジム 女性 安い,4,Google Suggest API
パーソナルジム 女性,天満橋 パーソナルジム 女性,3,Google Suggest API
パーソナルジム 女性,天神 パーソナルジム 女性,3,Google Suggest API
パーソナルジム 女性,女性 専用 パーソナルジム,3,Google Suggest API
パーソナルジム 女性,姫路 パーソナルジム 女性,3,Google Suggest API
パーソナルジム 女性,学芸大学 パーソナルジム 女性,3,Google Suggest API
パーソナルジム 女性,宇都宮 パーソナルジム 女性,3,Google Suggest API
パーソナルジム 女性,守口 パーソナルジム 女性,3,Google Suggest API
パーソナルジム 女性,守谷 パーソナルジム 女性,3,Google Suggest API
パーソナルジム 女性,宮崎 パーソナルジム 女性,3,Google Suggest API
パーソナルジム 女性,寝屋川 パーソナルジム 女性,3,Google Suggest API
パーソナルジム 女性,小山 パーソナルジム 女性,3,Google Suggest API
パーソナルジム 女性,山梨 パーソナルジム 女性,3,Google Suggest API
パーソナルジム 女性,岐阜 パーソナルジム 女性,3,Google Suggest API
パーソナルジム 女性,岐阜市 パーソナルジム 女性,3,Google Suggest API
パーソナルジム 女性,川越 パーソナルジム 女性,3,Google Suggest API
パーソナルジム 女性,巣鴨 パーソナルジム 女性,3,Google Suggest API
パーソナルジム 女性,平塚 パーソナルジム 女性,3,Google Suggest API
パーソナルジム 女性,広島市 パーソナルジム 女性,3,Google Suggest API
パーソナルジム 女性,府中 パーソナルジム 女性,3,Google Suggest API
パーソナルジム 女性,弘前 パーソナルジム 女性,3,Google Suggest API
パーソナルジム 女性,心斎橋 パーソナルジム 女性,3,Google Suggest API
パーソナルジム 女性,志木 パーソナルジム 女性,3,Google Suggest API
パーソナルジム 女性,成田 パーソナルジム 女性,3,Google Suggest API
パーソナルジム 女性,新宿 パーソナルジム 女性 安い,4,Google Suggest API
パーソナルジム 女性,日吉 パーソナルジム 女性,3,Google Suggest API
パーソナルジム 女性,早稲田 パーソナルジム 女性,3,Google Suggest API
パーソナルジム 女性,本八幡 パーソナルジム 女性,3,Google Suggest API
パーソナルジム 女性,本厚木 パーソナルジム 女性,3,Google Suggest API
パーソナルジム 女性,本山 パーソナルジム 女性,3,Google Suggest API
パーソナルジム 女性,本町 パーソナルジム 女性,3,Google Suggest API
パーソナルジム 女性,杉並区 パーソナルジム 女性,3,Google Suggest API
パーソナルジム 女性,東広島 パーソナルジム 女性,3,Google Suggest API
パーソナルジム 女性,松山 パーソナルジム 女性,3,Google Suggest API
パーソナルジム 女性,松山市 パーソナルジム 女性,3,Google Suggest API
パーソナルジム 女性,松本市 パーソナルジム 女性,3,Google Suggest API
パーソナルジム 女性,松江 パーソナルジム 女性,3,Google Suggest API
パーソナルジム 女性,枚方 パーソナルジム 女性,3,Google Suggest API
パーソナルジム 女性,栄 パーソナルジム 女性,3,Google Suggest API
パーソナルジム 女性,桑名 パーソナルジム 女性,3,Google Suggest API
パーソナルジム 女性,横浜 パーソナルジム 女性 おすすめ,4,Google Suggest API
パーソナルジム 女性,横浜駅 パーソナルジム 女性,3,Google Suggest API
パーソナルジム 女性,横須賀 パーソナルジム 女性,3,Google Suggest API
パーソナルジム 女性,橋本 パーソナルジム 女性,3,Google Suggest API
パーソナルジム 女性,武庫之荘 パーソナルジム 女性,3,Google Suggest API
パーソナルジム 女性,武蔵境 パーソナルジム 女性,3,Google Suggest API
パーソナルジム 女性,武蔵小山 パーソナルジム 女性,3,Google Suggest API
パーソナルジム 女性,武蔵小金井 パーソナルジム 女性,3,Google Suggest API
パーソナルジム 女性,武蔵浦和 パーソナルジム 女性,3,Google Suggest API
パーソナルジム 女性,水道橋 パーソナルジム 女性,3,Google Suggest API
パーソナルジム 女性,江坂 パーソナルジム 女性,3,Google Suggest API
パーソナルジム 女性,江戸川区 パーソナルジム 女性,3,Google Suggest API
パーソナルジム 女性,江東区 パーソナルジム 女性,3,Google Suggest API
パーソナルジム 女性,池袋 パーソナルジム 女性 安い,4,Google Suggest API
パーソナルジム 女性,津市 パーソナルジム 女性,3,Google Suggest API
パーソナルジム 女性,浜松 パーソナルジム 女性,3,Google Suggest API
パーソナルジム 女性,浦和 パーソナルジム 女性 トレーナー,4,Google Suggest API
パーソナルジム 女性,浦添 パーソナルジム 女性,3,Google Suggest API
パーソナルジム 女性,海老名 パーソナルジム 女性,3,Google Suggest API
パーソナルジム 女性,港区 パーソナルジム 女性,3,Google Suggest API
パーソナルジム 女性,湘南台 パーソナルジム 女性,3,Google Suggest API
パーソナルジム 女性,溝の口 パーソナルジム 女性,3,Google Suggest API
パーソナルジム 女性,熊本 パーソナルジム 女性,3,Google Suggest API
パーソナルジム 女性,熊本市 パーソナルジム 女性,3,Google Suggest API
パーソナルジム 女性,熊谷 パーソナルジム 女性,3,Google Suggest API
パーソナルジム 女性,瑞江 パーソナルジム 女性,3,Google Suggest API
パーソナルジム 女性,用賀 パーソナルジム 女性,3,Google Suggest API
パーソナルジム 女性,田園都市線 パーソナルジム 女性,3,Google Suggest API
パーソナルジム 女性,登戸 パーソナルジム 女性,3,Google Suggest API
パーソナルジム 女性,盛岡 パーソナルジム 女性,3,Google Suggest API
パーソナルジム 女性,目白 パーソナルジム 女性,3,Google Suggest API
パーソナルジム 女性,相模原 パーソナルジム 女性,3,Google Suggest API
パーソナルジム 女性,福井 パーソナルジム 女性,3,Google Suggest API
パーソナルジム 女性,福山 パーソナルジム 女性,3,Google Suggest API
パーソナルジム 女性,福岡 パーソナルジム 女性 安い,4,Google Suggest API
パーソナルジム 女性,福島市 パーソナルジム 女性,3,Google Suggest API
パーソナルジム 女性,立川 パーソナルジム 女性 安い,4,Google Suggest API
パーソナルジム 女性,米子 パーソナルジム 女性,3,Google Suggest API
パーソナルジム 女性,綱島 パーソナルジム 女性,3,Google Suggest API
パーソナルジム 女性,練馬駅 パーソナルジム 女性,3,Google Suggest API
パーソナルジム 女性,聖蹟桜ヶ丘 パーソナルジム 女性,3,Google Suggest API
パーソナルジム 女性,花小金井 パーソナルジム 女性,3,Google Suggest API
パーソナルジム 女性,茅ヶ崎 パーソナルジム 女性,3,Google Suggest API
パーソナルジム 女性,草加 パーソナルジム 女性,3,Google Suggest API
パーソナルジム 女性,草津 パーソナルジム 女性,3,Google Suggest API
パーソナルジム 女性,葛西 パーソナルジム 女性,3,Google Suggest API
パーソナルジム 女性,蕨 パーソナルジム 女性,3,Google Suggest API
パーソナルジム 女性,西尾 パーソナルジム 女性,3,Google Suggest API
パーソナルジム 女性,西新宿 パーソナルジム 女性,3,Google Suggest API
パーソナルジム 女性,西船橋 パーソナルジム 女性,3,Google Suggest API
パーソナルジム 女性,西葛西 パーソナルジム 女性,3,Google Suggest API
パーソナルジム 女性,辻堂 パーソナルジム 女性,3,Google Suggest API
パーソナルジム 女性,郡山 パーソナルジム 女性,3,Google Suggest API
パーソナルジム 女性,金沢 パーソナルジム 女性,3,Google Suggest API
パーソナルジム 女性,釧路 パーソナルジム 女性,3,Google Suggest API
パーソナルジム 女性,鈴鹿 パーソナルジム 女性,3,Google Suggest API
パーソナルジム 女性,長崎 パーソナルジム 女性,3,Google Suggest API
パーソナルジム 女性,長野市 パーソナルジム 女性,3,Google Suggest API
パーソナルジム 女性,門前仲町 パーソナルジム 女性,3,Google Suggest API
パーソナルジム 女性,関内(パーソナルジム 女性),2,Google Suggest API
パーソナルジム 女性,静岡 パーソナルジム 女性,3,Google Suggest API
パーソナルジム 女性,香里園 パーソナルジム 女性 おすすめ,4,Google Suggest API
パーソナルジム 女性,高岡 パーソナルジム 女性,3,Google Suggest API
パーソナルジム 女性,高崎 パーソナルジム 女性,3,Google Suggest API
パーソナルジム 女性,高槻 パーソナルジム 女性,3,Google Suggest API
パーソナルジム 女性,高田 馬場 パーソナルジム 女性,4,Google Suggest API
パーソナルジム 女性,高知 パーソナルジム 女性,3,Google Suggest API
パーソナルジム 女性,鶴見 パーソナルジム 女性,3,Google Suggest API
パーソナルジム 女性,鹿児島 パーソナルジム 女性,3,Google Suggest API
パーソナルジム 女性,麻布十番 パーソナルジム 女性,3,Google Suggest API
パーソナルジム 男性,w2 パーソナルジム 男性,3,Google Suggest API
パーソナルジム 男性,パーソナルジム ダイエット 男性,3,Google Suggest API
パーソナルジム 男性,パーソナルジム トレーナー 男性,3,Google Suggest API
パーソナルジム 男性,パーソナルジム 京都 男性,3,Google Suggest API
パーソナルジム 男性,パーソナルジム 初心者 男性,3,Google Suggest API
パーソナルジム 男性,パーソナルジム 名古屋 男性,3,Google Suggest API
パーソナルジム 男性,パーソナルジム 大阪 安い 男性,4,Google Suggest API
パーソナルジム 男性,パーソナルジム 大阪 男性,3,Google Suggest API
パーソナルジム 男性,パーソナルジム 服装 男性,3,Google Suggest API
パーソナルジム 男性,パーソナルジム 東京 男性,3,Google Suggest API
パーソナルジム 男性,パーソナルジム 横浜 男性,3,Google Suggest API
パーソナルジム 男性,パーソナルジム 男性,2,Google Suggest API
パーソナルジム 男性,パーソナルジム 男性 おすすめ,3,Google Suggest API
パーソナルジム 男性,パーソナルジム 男性 バナー,3,Google Suggest API
パーソナルジム 男性,パーソナルジム 男性 女性トレーナー,3,Google Suggest API
パーソナルジム 男性,パーソナルジム 男性 安い,3,Google Suggest API
パーソナルジム 男性,パーソナルジム 男性 福岡,3,Google Suggest API
パーソナルジム 男性,パーソナルジム 男性 足立区,3,Google Suggest API
パーソナルジム 男性,パーソナルジム 男性トレーナー,2,Google Suggest API
パーソナルジム 男性,パーソナルジム 男性向け,2,Google Suggest API
パーソナルジム 男性,パーソナルジム 男性専用,2,Google Suggest API
パーソナルジム 男性,パーソナルジム 男性専用 女性トレーナー,3,Google Suggest API
パーソナルジム 男性,パーソナルジム 練馬 男性,3,Google Suggest API
パーソナルジム 男性,パーソナルジム 蒲田 肥満 男性,4,Google Suggest API
パーソナルジム 男性,パーソナルジム 近く 男性,3,Google Suggest API
パーソナルジム 男性,三宮 パーソナルジム 男性,3,Google Suggest API
パーソナルジム 男性,上大岡 パーソナルジム 男性,3,Google Suggest API
パーソナルジム 男性,下北沢 パーソナルジム 男性,3,Google Suggest API
パーソナルジム 男性,中目黒 パーソナルジム 男性,3,Google Suggest API
パーソナルジム 男性,中野 パーソナルジム 男性,3,Google Suggest API
パーソナルジム 男性,久留米 パーソナルジム 男性,3,Google Suggest API
パーソナルジム 男性,仙台 パーソナルジム 男性,3,Google Suggest API
パーソナルジム 男性,佐賀 パーソナルジム 男性,3,Google Suggest API
パーソナルジム 男性,八戸 パーソナルジム 男性,3,Google Suggest API
パーソナルジム 男性,八王子 パーソナルジム 男性,3,Google Suggest API
パーソナルジム 男性,北千住 パーソナルジム 男性,3,Google Suggest API
パーソナルジム 男性,千葉 パーソナルジム 男性,3,Google Suggest API
パーソナルジム 男性,博多 パーソナルジム 男性,3,Google Suggest API
パーソナルジム 男性,吉祥寺 パーソナルジム 男性,3,Google Suggest API
パーソナルジム 男性,名古屋駅 パーソナルジム 男性,3,Google Suggest API
パーソナルジム 男性,四日市 パーソナルジム 男性,3,Google Suggest API
パーソナルジム 男性,国分寺 パーソナルジム 男性,3,Google Suggest API
パーソナルジム 男性,大宮 パーソナルジム 男性,3,Google Suggest API
パーソナルジム 男性,大森 パーソナルジム 男性,3,Google Suggest API
パーソナルジム 男性,天王寺 パーソナルジム 男性,3,Google Suggest API
パーソナルジム 男性,太田市 パーソナルジム 男性,3,Google Suggest API
パーソナルジム 男性,女性トレーナー パーソナルジム 男性 向け 岐阜,5,Google Suggest API
パーソナルジム 男性,宇都宮 パーソナルジム 男性,3,Google Suggest API
パーソナルジム 男性,富山 パーソナルジム 男性,3,Google Suggest API
パーソナルジム 男性,岐阜 パーソナルジム 男性,3,Google Suggest API
パーソナルジム 男性,岡山 パーソナルジム 男性,3,Google Suggest API
パーソナルジム 男性,川口 パーソナルジム 男性,3,Google Suggest API
パーソナルジム 男性,川崎 パーソナルジム 男性,3,Google Suggest API
パーソナルジム 男性,川越 パーソナルジム 男性,3,Google Suggest API
パーソナルジム 男性,平塚 パーソナルジム 男性,3,Google Suggest API
パーソナルジム 男性,広島 パーソナルジム 男性,3,Google Suggest API
パーソナルジム 男性,徳島 パーソナルジム 男性,3,Google Suggest API
パーソナルジム 男性,心斎橋 パーソナルジム 男性,3,Google Suggest API
パーソナルジム 男性,恵比寿 パーソナルジム 男性,3,Google Suggest API
パーソナルジム 男性,新宿 パーソナルジム 男性,3,Google Suggest API
パーソナルジム 男性,新潟 パーソナルジム 男性,3,Google Suggest API
パーソナルジム 男性,本八幡 パーソナルジム 男性,3,Google Suggest API
パーソナルジム 男性,本町 パーソナルジム 男性,3,Google Suggest API
パーソナルジム 男性,札幌 パーソナルジム 男性,3,Google Suggest API
パーソナルジム 男性,松山 パーソナルジム 男性,3,Google Suggest API
パーソナルジム 男性,松戸 パーソナルジム 男性,3,Google Suggest API
パーソナルジム 男性,柏 パーソナルジム 男性,3,Google Suggest API
パーソナルジム 男性,梅田 パーソナルジム 男性,3,Google Suggest API
パーソナルジム 男性,横浜駅 パーソナルジム 男性,3,Google Suggest API
パーソナルジム 男性,武蔵小杉 パーソナルジム 男性,3,Google Suggest API
パーソナルジム 男性,江坂 パーソナルジム 男性,3,Google Suggest API
パーソナルジム 男性,沖縄 パーソナルジム 男性,3,Google Suggest API
パーソナルジム 男性,津市 パーソナルジム 男性,3,Google Suggest API
パーソナルジム 男性,浦和 パーソナルジム 男性,3,Google Suggest API
パーソナルジム 男性,溝の口 パーソナルジム 男性,3,Google Suggest API
パーソナルジム 男性,熊本 パーソナルジム 男性,3,Google Suggest API
パーソナルジム 男性,町田 パーソナルジム 男性,3,Google Suggest API
パーソナルジム 男性,神戸 パーソナルジム 男性,3,Google Suggest API
パーソナルジム 男性,福山 パーソナルジム 男性,3,Google Suggest API
パーソナルジム 男性,福岡市 パーソナルジム 男性,3,Google Suggest API
パーソナルジム 男性,立川 パーソナルジム 男性,3,Google Suggest API
パーソナルジム 男性,自由が丘 パーソナルジム 男性,3,Google Suggest API
パーソナルジム 男性,船橋 パーソナルジム 男性,3,Google Suggest API
パーソナルジム 男性,蒲田 パーソナルジム 男性,3,Google Suggest API
パーソナルジム 男性,藤沢 パーソナルジム 男性,3,Google Suggest API
パーソナルジム 男性,表参道 パーソナルジム 男性,3,Google Suggest API
パーソナルジム 男性,調布 パーソナルジム 男性,3,Google Suggest API
パーソナルジム 男性,銀座 パーソナルジム 男性,3,Google Suggest API
パーソナルジム 男性,錦糸町 パーソナルジム 男性,3,Google Suggest API
パーソナルジム 男性,長崎 パーソナルジム 男性,3,Google Suggest API
パーソナルジム 男性,長野市 パーソナルジム 男性,3,Google Suggest API
パーソナルジム 男性,難波 パーソナルジム 男性,3,Google Suggest API
パーソナルジム 男性,静岡市 パーソナルジム 男性,3,Google Suggest API
パーソナルジム 男性,高崎 パーソナルジム 男性,3,Google Suggest API
パーソナルジム 男性,高槻 パーソナルジム 男性,3,Google Suggest API
パーソナルジム 男性,鹿児島 パーソナルジム 男性,3,Google Suggest API
パーソナルジム 男性,鹿児島市 パーソナルジム 男性,3,Google Suggest API
パーソナルジム ダイエット,ダイエット パーソナルジム 値段,3,Google Suggest API
パーソナルジム ダイエット,ダイエット パーソナルジム 週何回,3,Google Suggest API
パーソナルジム ダイエット,パーソナルジム designbody 御徒町店(ダイエット) パーソナルトレーニング,4,Google Suggest API
パーソナルジム ダイエット,パーソナルジム ダイエット,2,Google Suggest API
パーソナルジム ダイエット,パーソナルジム ダイエット おすすめ,3,Google Suggest API
パーソナルジム ダイエット,パーソナルジム ダイエット ブログ,3,Google Suggest API
パーソナルジム ダイエット,パーソナルジム ダイエット モニター,3,Google Suggest API
パーソナルジム ダイエット,パーソナルジム ダイエット 何ヶ月,3,Google Suggest API
パーソナルジム ダイエット,パーソナルジム ダイエット 効果,3,Google Suggest API
パーソナルジム ダイエット,パーソナルジム ダイエット 名古屋,3,Google Suggest API
パーソナルジム ダイエット,パーソナルジム ダイエット 大阪,3,Google Suggest API
パーソナルジム ダイエット,パーソナルジム ダイエット 女性,3,Google Suggest API
パーソナルジム ダイエット,パーソナルジム ダイエット 女性 おすすめ,4,Google Suggest API
パーソナルジム ダイエット,パーソナルジム ダイエット 姫路,3,Google Suggest API
パーソナルジム ダイエット,パーソナルジム ダイエット 安い,3,Google Suggest API
パーソナルジム ダイエット,パーソナルジム ダイエット 東京,3,Google Suggest API
パーソナルジム ダイエット,パーソナルジム ダイエット 横浜,3,Google Suggest API
パーソナルジム ダイエット,パーソナルジム ダイエット 池袋,3,Google Suggest API
パーソナルジム ダイエット,パーソナルジム ダイエット 男性,3,Google Suggest API
パーソナルジム ダイエット,パーソナルジム ダイエット 知恵袋,3,Google Suggest API
パーソナルジム ダイエット,パーソナルジム ダイエット 近く,3,Google Suggest API
パーソナルジム ダイエット,パーソナルジム ダイエット 頻度,3,Google Suggest API
パーソナルジム ダイエット,パーソナルジム ダイエットパートナー,2,Google Suggest API
パーソナルジム ダイエット,パーソナルジム トライパウンド 鹿児島 ダイエット,4,Google Suggest API
パーソナルジム ダイエット,パーソナルジム 大阪 女性 ダイエット,4,Google Suggest API
パーソナルジム ダイエット,パーソナルジム 山梨 ダイエット,3,Google Suggest API
パーソナルジム ダイエット,パーソナルジム 東京 女性 ダイエット,4,Google Suggest API
パーソナルジム ダイエット,パーソナルジム 松山 ダイエット,3,Google Suggest API
パーソナルジム ダイエット,パーソナルジム 豊田 ダイエット,3,Google Suggest API
パーソナルジム ダイエット,ピラティス パーソナルジム ダイエット,3,Google Suggest API
パーソナルジム ダイエット,三軒茶屋 パーソナルジム ダイエット,3,Google Suggest API
パーソナルジム ダイエット,京都 パーソナルジム ダイエット,3,Google Suggest API
パーソナルジム ダイエット,仙台 パーソナルジム ダイエット,3,Google Suggest API
パーソナルジム ダイエット,八王子 パーソナルジム ダイエット,3,Google Suggest API
パーソナルジム ダイエット,函館 パーソナルジム ダイエット,3,Google Suggest API
パーソナルジム ダイエット,吉祥寺 パーソナルジム ダイエット,3,Google Suggest API
パーソナルジム ダイエット,国分寺 パーソナルジム ダイエット,3,Google Suggest API
パーソナルジム ダイエット,大宮 パーソナルジム ダイエット,3,Google Suggest API
パーソナルジム ダイエット,太田市 パーソナルジム ダイエット,3,Google Suggest API
パーソナルジム ダイエット,女性専用 パーソナルジム ダイエット,3,Google Suggest API
パーソナルジム ダイエット,宇都宮 パーソナルジム ダイエット,3,Google Suggest API
パーソナルジム ダイエット,川崎 パーソナルジム ダイエット,3,Google Suggest API
パーソナルジム ダイエット,広島 パーソナルジム ダイエット,3,Google Suggest API
パーソナルジム ダイエット,新宿 パーソナルジム ダイエット,3,Google Suggest API
パーソナルジム ダイエット,札幌 パーソナルジム ダイエット,3,Google Suggest API
パーソナルジム ダイエット,武蔵小杉 パーソナルジム ダイエット,3,Google Suggest API
パーソナルジム ダイエット,沖縄 パーソナルジム ダイエット,3,Google Suggest API
パーソナルジム ダイエット,浜松 パーソナルジム ダイエット,3,Google Suggest API
パーソナルジム ダイエット,渋谷 パーソナルジム ダイエット,3,Google Suggest API
パーソナルジム ダイエット,産後 ダイエット パーソナルジム,3,Google Suggest API
パーソナルジム ダイエット,神戸 パーソナルジム ダイエット,3,Google Suggest API
パーソナルジム ダイエット,福岡 パーソナルジム ダイエット,3,Google Suggest API
パーソナルジム ダイエット,立川 パーソナルジム ダイエット,3,Google Suggest API
パーソナルジム ダイエット,結婚式 ダイエット パーソナルジム,3,Google Suggest API
パーソナルジム ダイエット,銀座 パーソナルジム ダイエット,3,Google Suggest API
パーソナルジム ダイエット,静岡 パーソナルジム ダイエット,3,Google Suggest API
パーソナルジム ダイエット,高槻 パーソナルジム ダイエット,3,Google Suggest API
パーソナルジム ダイエット,鹿児島 パーソナルジム ダイエット,3,Google Suggest API
パーソナルジム 通い放題,パーソナルジム 通い放題,2,Google Suggest API
パーソナルジム 通い放題,パーソナルジム 通い放題 京都,3,Google Suggest API
パーソナルジム 通い放題,パーソナルジム 通い放題 名古屋,3,Google Suggest API
パーソナルジム 通い放題,パーソナルジム 通い放題 大阪,3,Google Suggest API
パーソナルジム 通い放題,パーソナルジム 通い放題 安い,3,Google Suggest API
パーソナルジム 通い放題,パーソナルジム 通い放題 新宿,3,Google Suggest API
パーソナルジム 通い放題,パーソナルジム 通い放題 東京,3,Google Suggest API
パーソナルジム 通い放題,パーソナルジム 通い放題 横浜,3,Google Suggest API
パーソナルジム 通い放題,パーソナルジム 通い放題 福岡,3,Google Suggest API
パーソナルジム 通い放題,三軒茶屋 パーソナルジム 通い放題,3,Google Suggest API
パーソナルジム 通い放題,上野 パーソナルジム 通い放題,3,Google Suggest API
パーソナルジム 通い放題,中野 パーソナルジム 通い放題,3,Google Suggest API
パーソナルジム 通い放題,仙台 パーソナルジム 通い放題,3,Google Suggest API
パーソナルジム 通い放題,代々木上原 パーソナルジム 通い放題,3,Google Suggest API
パーソナルジム 通い放題,北千住 パーソナルジム 通い放題,3,Google Suggest API
パーソナルジム 通い放題,大宮 パーソナルジム 通い放題,3,Google Suggest API
パーソナルジム 通い放題,宇都宮 パーソナルジム 通い放題,3,Google Suggest API
パーソナルジム 通い放題,川崎 パーソナルジム 通い放題,3,Google Suggest API
パーソナルジム 通い放題,心斎橋 パーソナルジム 通い放題,3,Google Suggest API
パーソナルジム 通い放題,恵比寿 パーソナルジム 通い放題,3,Google Suggest API
パーソナルジム 通い放題,札幌 パーソナルジム 通い放題,3,Google Suggest API
パーソナルジム 通い放題,梅田 パーソナルジム 通い放題,3,Google Suggest API
パーソナルジム 通い放題,武蔵小杉 パーソナルジム 通い放題,3,Google Suggest API
パーソナルジム 通い放題,目黒 パーソナルジム 通い放題,3,Google Suggest API
パーソナルジム 通い放題,神楽坂 パーソナルジム 通い放題,3,Google Suggest API
パーソナルジム 通い放題,笹塚 パーソナルジム 通い放題,3,Google Suggest API
パーソナルジム 通い放題,船橋 パーソナルジム 通い放題,3,Google Suggest API
パーソナルジム 通い放題,荻窪 パーソナルジム 通い放題,3,Google Suggest API
パーソナルジム 通い放題,蒲田 パーソナルジム 通い放題,3,Google Suggest API
パーソナルジム 通い放題,都内パーソナルジム通い放題,1,Google Suggest API
パーソナルジム 通い放題,銀座 パーソナルジム 通い放題,3,Google Suggest API
パーソナルジム 通い放題,錦糸町 パーソナルジム 通い放題,3,Google Suggest API
パーソナルジム 通い放題,麻布十番 パーソナルジム 通い放題,3,Google Suggest API
パーソナルジム 都度払い,パーソナルジム 仙台 都度払い,3,Google Suggest API
パーソナルジム 都度払い,パーソナルジム 大阪 安い 都度払い,4,Google Suggest API
パーソナルジム 都度払い,パーソナルジム 女性 都度払い,3,Google Suggest API
パーソナルジム 都度払い,パーソナルジム 柏 都度払い,3,Google Suggest API
パーソナルジム 都度払い,パーソナルジム 都度払い,2,Google Suggest API
パーソナルジム 都度払い,パーソナルジム 都度払い 千葉,3,Google Suggest API
パーソナルジム 都度払い,パーソナルジム 都度払い 名古屋,3,Google Suggest API
パーソナルジム 都度払い,パーソナルジム 都度払い 埼玉,3,Google Suggest API
パーソナルジム 都度払い,パーソナルジム 都度払い 大阪,3,Google Suggest API
パーソナルジム 都度払い,パーソナルジム 都度払い 安い,3,Google Suggest API
パーソナルジム 都度払い,パーソナルジム 都度払い 新宿,3,Google Suggest API
パーソナルジム 都度払い,パーソナルジム 都度払い 札幌,3,Google Suggest API
パーソナルジム 都度払い,パーソナルジム 都度払い 東京,3,Google Suggest API
パーソナルジム 都度払い,パーソナルジム 都度払い 横浜,3,Google Suggest API
パーソナルジム 都度払い,パーソナルジム 都度払い 池袋,3,Google Suggest API
パーソナルジム 都度払い,パーソナルジム 都度払い 神奈川,3,Google Suggest API
パーソナルジム 都度払い,パーソナルジム 都度払い 神戸,3,Google Suggest API
パーソナルジム 都度払い,パーソナルジム 都度払い 福岡,3,Google Suggest API
パーソナルジム 都度払い,パーソナルジム 都度払い 近く,3,Google Suggest API
パーソナルジム 都度払い,三宮 パーソナルジム 都度払い,3,Google Suggest API
パーソナルジム 都度払い,五反田 パーソナルジム 都度払い,3,Google Suggest API
パーソナルジム 都度払い,京都 パーソナルジム 都度払い,3,Google Suggest API
パーソナルジム 都度払い,八王子 パーソナルジム 都度払い,3,Google Suggest API
パーソナルジム 都度払い,大宮 パーソナルジム 都度払い,3,Google Suggest API
パーソナルジム 都度払い,天王寺 パーソナルジム 都度払い,3,Google Suggest API
パーソナルジム 都度払い,宇都宮 パーソナルジム 都度払い,3,Google Suggest API
パーソナルジム 都度払い,岐阜 パーソナルジム 都度払い,3,Google Suggest API
パーソナルジム 都度払い,岡山 パーソナルジム 都度払い,3,Google Suggest API
パーソナルジム 都度払い,川崎 パーソナルジム 都度払い,3,Google Suggest API
パーソナルジム 都度払い,広島 パーソナルジム 都度払い,3,Google Suggest API
パーソナルジム 都度払い,恵比寿 パーソナルジム 都度払い,3,Google Suggest API
パーソナルジム 都度払い,新潟 パーソナルジム 都度払い,3,Google Suggest API
パーソナルジム 都度払い,梅田 パーソナルジム 都度払い,3,Google Suggest API
パーソナルジム 都度払い,武蔵小杉 パーソナルジム 都度払い,3,Google Suggest API
パーソナルジム 都度払い,渋谷 パーソナルジム 都度払い,3,Google Suggest API
パーソナルジム 都度払い,熊本 パーソナルジム 都度払い,3,Google Suggest API
パーソナルジム 都度払い,立川 パーソナルジム 都度払い,3,Google Suggest API
パーソナルジム 都度払い,藤沢 パーソナルジム 都度払い,3,Google Suggest API
パーソナルジム 都度払い,都内 パーソナルジム 都度払い,3,Google Suggest API
パーソナルジム 都度払い,銀座 パーソナルジム 都度払い,3,Google Suggest API
パーソナルジム 都度払い,錦糸町 パーソナルジム 都度払い,3,Google Suggest API
パーソナルジム 都度払い,鹿児島 パーソナルジム 都度払い,3,Google Suggest API
パーソナルジム 都度払い,麻布十番 パーソナルジム 都度払い,3,Google Suggest API
パーソナルジム 月額,パーソナルジム 女性 月額,3,Google Suggest API
パーソナルジム 月額,パーソナルジム 安い 月額,3,Google Suggest API
パーソナルジム 月額,パーソナルジム 月額,2,Google Suggest API
パーソナルジム 月額,パーソナルジム 月額 平均,3,Google Suggest API
パーソナルジム 月額,パーソナルジム 月額 相場,3,Google Suggest API
パーソナルジム 月額,パーソナルジム 月額制,2,Google Suggest API
パーソナルジム 月額,パーソナルジム 月額制 東京,3,Google Suggest API
パーソナルジム 月額,名古屋 パーソナルジム 月額,3,Google Suggest API
パーソナルジム 月額,大宮 パーソナルジム 月額,3,Google Suggest API
パーソナルジム 2ヶ月,パーソナルジム 2ヶ月,2,Google Suggest API
パーソナルジム 2ヶ月,パーソナルジム 2ヶ月 ビフォーアフター,3,Google Suggest API
パーソナルジム 2ヶ月,パーソナルジム 2ヶ月 ブログ,3,Google Suggest API
パーソナルジム 2ヶ月,パーソナルジム 2ヶ月 何キロ,3,Google Suggest API
パーソナルジム 2ヶ月,パーソナルジム 2ヶ月 効果,3,Google Suggest API
パーソナルジム 2ヶ月,パーソナルジム 2ヶ月 痩せない,3,Google Suggest API
パーソナルジム 2ヶ月,パーソナルジム 2ヶ月 相場,3,Google Suggest API
パーソナルジム 2ヶ月,パーソナルジム 2ヶ月だけ,2,Google Suggest API
パーソナルジム 3ヶ月,パーソナルジム 3ヶ月,2,Google Suggest API
パーソナルジム 3ヶ月,パーソナルジム 3ヶ月 何キロ痩せる,3,Google Suggest API
パーソナルジム 3ヶ月,パーソナルジム 3ヶ月 値段,3,Google Suggest API
パーソナルジム 3ヶ月,パーソナルジム 3ヶ月 効果,3,Google Suggest API
パーソナルジム 3ヶ月,パーソナルジム 3ヶ月 変化,3,Google Suggest API
パーソナルジム 3ヶ月,パーソナルジム 3ヶ月 料金,3,Google Suggest API
パーソナルジム 3ヶ月,パーソナルジム 3ヶ月 相場,3,Google Suggest API
パーソナルジム 3ヶ月,パーソナルジム 3ヶ月だけ,2,Google Suggest API
パーソナルジム 3ヶ月,パーソナルジム 3ヶ月コース,2,Google Suggest API
パーソナルジム 3ヶ月,パーソナルジム 週2 3ヶ月,3,Google Suggest API
パーソナルジム 食事指導,パーソナルジム 食事指導,2,Google Suggest API
パーソナルジム 食事指導,パーソナルジム 食事指導 めんどくさい,3,Google Suggest API
パーソナルジム 食事指導,パーソナルジム 食事指導 ストレス,3,Google Suggest API
パーソナルジム 食事指導,パーソナルジム 食事指導 メリット,3,Google Suggest API
パーソナルジム 食事指導,パーソナルジム 食事指導 内容,3,Google Suggest API
パーソナルジム 食事指導,パーソナルジム 食事指導 料金,3,Google Suggest API
パーソナルジム 食事指導,パーソナルジム 食事指導 東京,3,Google Suggest API
パーソナルジム 食事指導,パーソナルジム 食事指導 資格,3,Google Suggest API
パーソナルジム 食事指導,パーソナルジム 食事指導なし,2,Google Suggest API
パーソナルジム 選び方,パーソナルジム トレーナー 選び方,3,Google Suggest API
パーソナルジム 選び方,パーソナルジム 選び方,2,Google Suggest API
パーソナルジム 選び方,パーソナルジム 選び方 女性,3,Google Suggest API
パーソナルジム 選び方,パーソナルジム 選び方 知恵袋,3,Google Suggest API
パーソナルジム やめた後,パーソナルジム 辞めた後,2,Google Suggest API
パーソナルジム リバウンド,パーソナルジム リバウンド,2,Google Suggest API
パーソナルジム リバウンド,パーソナルジム リバウンド した,3,Google Suggest API
パーソナルジム リバウンド,パーソナルジム リバウンドしない,2,Google Suggest API
パーソナルジム リバウンド,パーソナルジム リバウンド率,2,Google Suggest API
パーソナルジム 意味ない,パーソナルジム 意味ない,2,Google Suggest API
パーソナルジム 意味ない,パーソナルジム 週一 意味ない,3,Google Suggest API
パーソナルジム もったいない,パーソナルジム お金 もったいない,3,Google Suggest API
パーソナルジム もったいない,パーソナルジム もったいない,2,Google Suggest API
パーソナルジム もったいない,パーソナルジム 勿体無い,2,Google Suggest API
パーソナルジム メリット,パーソナルジム メリット,2,Google Suggest API
パーソナルジム メリット,パーソナルジム メリット デメリット,3,Google Suggest API
パーソナルジム メリット,パーソナルジム 食事指導 メリット,3,Google Suggest API
パーソナルジム 比較,パーソナルジム 価格 比較,3,Google Suggest API
パーソナルジム 比較,パーソナルジム 値段 比較,3,Google Suggest API
パーソナルジム 比較,パーソナルジム 女性 比較,3,Google Suggest API
パーソナルジム 比較,パーソナルジム 料金 比較,3,Google Suggest API
パーソナルジム 比較,パーソナルジム 東京 比較,3,Google Suggest API
パーソナルジム 比較,パーソナルジム 比較 大阪,3,Google Suggest API
パーソナルジム 比較,京都 パーソナルジム 比較 女性向け,4,Google Suggest API
パーソナルジム 比較,吉祥寺 パーソナルジム 比較,3,Google Suggest API
パーソナルジム 比較,名古屋 パーソナルジム 比較,3,Google Suggest API
パーソナルジム 比較,女性専用 パーソナルジム 比較,3,Google Suggest API
パーソナルジム 比較,川崎 パーソナルジム 比較,3,Google Suggest API
パーソナルジム 比較,武蔵小杉 パーソナルジム 比較,3,Google Suggest API
パーソナルジム 比較,町田 パーソナルジム 比較,3,Google Suggest API
パーソナルジム 口コミ,bbb パーソナルジム 口コミ,3,Google Suggest API
パーソナルジム 口コミ,beyond パーソナルジム 口コミ,3,Google Suggest API
パーソナルジム 口コミ,beyond 社員 口コミ パーソナルジム,4,Google Suggest API
パーソナルジム 口コミ,fang パーソナルジム 口コミ,3,Google Suggest API
パーソナルジム 口コミ,figo パーソナルジム 口コミ,3,Google Suggest API
パーソナルジム 口コミ,gravity パーソナルジム 口コミ,3,Google Suggest API
パーソナルジム 口コミ,gyms パーソナルジム 口コミ,3,Google Suggest API
パーソナルジム 口コミ,habit パーソナルジム 口コミ,3,Google Suggest API
パーソナルジム 口コミ,lim パーソナルジム 口コミ,3,Google Suggest API
パーソナルジム 口コミ,lime パーソナルジム 口コミ,3,Google Suggest API
パーソナルジム 口コミ,nexus パーソナルジム 口コミ,3,Google Suggest API
パーソナルジム 口コミ,oz パーソナルジム 口コミ,3,Google Suggest API
パーソナルジム 口コミ,rat パーソナルジム 口コミ,3,Google Suggest API
パーソナルジム 口コミ,ttb パーソナルジム 口コミ,3,Google Suggest API
パーソナルジム 口コミ,w2 パーソナルジム 口コミ,3,Google Suggest API
パーソナルジム 口コミ,w2 パーソナルジム 口コミ なんば,4,Google Suggest API
パーソナルジム 口コミ,w2 パーソナルジム 口コミ 京都,4,Google Suggest API
パーソナルジム 口コミ,w2 パーソナルジム 口コミ 梅田,4,Google Suggest API
パーソナルジム 口コミ,well-fit パーソナルジム 口コミ,3,Google Suggest API
パーソナルジム 口コミ,will パーソナルジム 口コミ,3,Google Suggest API
パーソナルジム 口コミ,つくば パーソナルジム 口コミ,3,Google Suggest API
パーソナルジム 口コミ,エレメント パーソナルジム 口コミ,3,Google Suggest API
パーソナルジム 口コミ,ザ パーソナルジム 口コミ,3,Google Suggest API
パーソナルジム 口コミ,パーソナルジム chart 口コミ,3,Google Suggest API
パーソナルジム 口コミ,パーソナルジム life 口コミ,3,Google Suggest API
パーソナルジム 口コミ,パーソナルジム nana 口コミ,3,Google Suggest API
パーソナルジム 口コミ,パーソナルジム opti 口コミ,3,Google Suggest API
パーソナルジム 口コミ,パーソナルジム plum 口コミ,3,Google Suggest API
パーソナルジム 口コミ,パーソナルジム reset 口コミ,3,Google Suggest API
パーソナルジム 口コミ,パーソナルジム stream 口コミ,3,Google Suggest API
パーソナルジム 口コミ,パーソナルジム tr 口コミ,3,Google Suggest API
パーソナルジム 口コミ,パーソナルジム undeux 口コミ,3,Google Suggest API
パーソナルジム 口コミ,パーソナルジム weight down 口コミ,4,Google Suggest API
パーソナルジム 口コミ,パーソナルジム yours 口コミ,3,Google Suggest API
パーソナルジム 口コミ,パーソナルジム かたぎり塾 口コミ,3,Google Suggest API
パーソナルジム 口コミ,パーソナルジム はやき 口コミ,3,Google Suggest API
パーソナルジム 口コミ,パーソナルジム エース 口コミ,3,Google Suggest API
パーソナルジム 口コミ,パーソナルジム サスティナ 口コミ,3,Google Suggest API
パーソナルジム 口コミ,パーソナルジム ジムズ 口コミ,3,Google Suggest API
パーソナルジム 口コミ,パーソナルジム ストリーム 口コミ,3,Google Suggest API
パーソナルジム 口コミ,パーソナルジム ダック 口コミ,3,Google Suggest API
パーソナルジム 口コミ,パーソナルジム ティーバランス 口コミ,3,Google Suggest API
パーソナルジム 口コミ,パーソナルジム ハイパー 口コミ,3,Google Suggest API
パーソナルジム 口コミ,パーソナルジム ビヨンド 口コミ,3,Google Suggest API
パーソナルジム 口コミ,パーソナルジム ピリオド 口コミ,3,Google Suggest API
パーソナルジム 口コミ,パーソナルジム フェリーズ 口コミ,3,Google Suggest API
パーソナルジム 口コミ,パーソナルジム リアルボディ泉西口店 クチコミ,3,Google Suggest API
パーソナルジム 口コミ,パーソナルジム リミット 口コミ,3,Google Suggest API
パーソナルジム 口コミ,パーソナルジム レビナ 口コミ,3,Google Suggest API
パーソナルジム 口コミ,パーソナルジム 下北沢 口コミ,3,Google Suggest API
パーソナルジム 口コミ,パーソナルジム 二俣川 口コミ,3,Google Suggest API
パーソナルジム 口コミ,パーソナルジム 五反田 口コミ,3,Google Suggest API
パーソナルジム 口コミ,パーソナルジム 仙台 口コミ,3,Google Suggest API
パーソナルジム 口コミ,パーソナルジム 六本木 口コミ,3,Google Suggest API
パーソナルジム 口コミ,パーソナルジム 前橋 口コミ,3,Google Suggest API
パーソナルジム 口コミ,パーソナルジム 匠ちゃん 口コミ,3,Google Suggest API
パーソナルジム 口コミ,パーソナルジム 千葉 口コミ,3,Google Suggest API
パーソナルジム 口コミ,パーソナルジム 口コミ,2,Google Suggest API
パーソナルジム 口コミ,パーソナルジム 口コミ ランキング,3,Google Suggest API
パーソナルジム 口コミ,パーソナルジム 口コミ 書き方,3,Google Suggest API
パーソナルジム 口コミ,パーソナルジム 口コミ 東京,3,Google Suggest API
パーソナルジム 口コミ,パーソナルジム 口コミサイト,2,Google Suggest API
パーソナルジム 口コミ,パーソナルジム 吉祥寺 口コミ,3,Google Suggest API
パーソナルジム 口コミ,パーソナルジム 和光 口コミ,3,Google Suggest API
パーソナルジム 口コミ,パーソナルジム 大宮 口コミ,3,Google Suggest API
パーソナルジム 口コミ,パーソナルジム 大阪 口コミ,3,Google Suggest API
パーソナルジム 口コミ,パーソナルジム 天王寺 口コミ,3,Google Suggest API
パーソナルジム 口コミ,パーソナルジム 天神 口コミ,3,Google Suggest API
パーソナルジム 口コミ,パーソナルジム 女性 口コミ,3,Google Suggest API
パーソナルジム 口コミ,パーソナルジム 姫路 口コミ,3,Google Suggest API
パーソナルジム 口コミ,パーソナルジム 宇都宮 口コミ,3,Google Suggest API
パーソナルジム 口コミ,パーソナルジム 小山 口コミ,3,Google Suggest API
パーソナルジム 口コミ,パーソナルジム 岐阜 口コミ,3,Google Suggest API
パーソナルジム 口コミ,パーソナルジム 岡山 口コミ,3,Google Suggest API
パーソナルジム 口コミ,パーソナルジム 川口 口コミ,3,Google Suggest API
パーソナルジム 口コミ,パーソナルジム 川崎 口コミ,3,Google Suggest API
パーソナルジム 口コミ,パーソナルジム 平塚 口コミ,3,Google Suggest API
パーソナルジム 口コミ,パーソナルジム 広島 口コミ,3,Google Suggest API
パーソナルジム 口コミ,パーソナルジム 心斎橋 口コミ,3,Google Suggest API
パーソナルジム 口コミ,パーソナルジム 志木 口コミ,3,Google Suggest API
パーソナルジム 口コミ,パーソナルジム 恵比寿 口コミ,3,Google Suggest API
パーソナルジム 口コミ,パーソナルジム 成田 口コミ,3,Google Suggest API
パーソナルジム 口コミ,パーソナルジム 新宿 口コミ,3,Google Suggest API
パーソナルジム 口コミ,パーソナルジム 新潟 口コミ,3,Google Suggest API
パーソナルジム 口コミ,パーソナルジム 新百合ヶ丘 口コミ,3,Google Suggest API
パーソナルジム 口コミ,パーソナルジム 春日部 口コミ,3,Google Suggest API
パーソナルジム 口コミ,パーソナルジム 木更津 口コミ,3,Google Suggest API
パーソナルジム 口コミ,パーソナルジム 札幌 口コミ,3,Google Suggest API
パーソナルジム 口コミ,パーソナルジム 松戸 口コミ,3,Google Suggest API
パーソナルジム 口コミ,パーソナルジム 柏 口コミ,3,Google Suggest API
パーソナルジム 口コミ,パーソナルジム 梅田 口コミ,3,Google Suggest API
パーソナルジム 口コミ,パーソナルジム 水戸 口コミ,3,Google Suggest API
パーソナルジム 口コミ,パーソナルジム 浦和 口コミ,3,Google Suggest API
パーソナルジム 口コミ,パーソナルジム 浦安 口コミ,3,Google Suggest API
パーソナルジム 口コミ,パーソナルジム 渋谷 口コミ,3,Google Suggest API
パーソナルジム 口コミ,パーソナルジム 熊谷 口コミ,3,Google Suggest API
パーソナルジム 口コミ,パーソナルジム 町田 口コミ,3,Google Suggest API
パーソナルジム 口コミ,パーソナルジム 神戸 口コミ,3,Google Suggest API
パーソナルジム 口コミ,パーソナルジム 福井 口コミ,3,Google Suggest API
パーソナルジム 口コミ,パーソナルジム 自由が丘 口コミ,3,Google Suggest API
パーソナルジム 口コミ,パーソナルジム 船橋 口コミ,3,Google Suggest API
パーソナルジム 口コミ,パーソナルジム 草加 口コミ,3,Google Suggest API
パーソナルジム 口コミ,パーソナルジム 蕨 口コミ,3,Google Suggest API
パーソナルジム 口コミ,パーソナルジム 藤沢 口コミ,3,Google Suggest API
パーソナルジム 口コミ,パーソナルジム 調布 口コミ,3,Google Suggest API
パーソナルジム 口コミ,パーソナルジム 越谷 口コミ,3,Google Suggest API
パーソナルジム 口コミ,パーソナルジム 金沢 口コミ,3,Google Suggest API
パーソナルジム 口コミ,パーソナルジム 銀座 口コミ,3,Google Suggest API
パーソナルジム 口コミ,パーソナルジム 錦糸町 口コミ,3,Google Suggest API
パーソナルジム 口コミ,パーソナルジム 静岡 口コミ,3,Google Suggest API
パーソナルジム 口コミ,パーソナルジム 高崎 口コミ,3,Google Suggest API
パーソナルジム 口コミ,パーソナルジム 高田馬場 口コミ,3,Google Suggest API
パーソナルジム 口コミ,パーソナルジム 麹町 口コミ,3,Google Suggest API
パーソナルジム 口コミ,フラミンゴ パーソナルジム 口コミ,3,Google Suggest API
パーソナルジム 口コミ,ルアー ナ パーソナルジム 口コミ,4,Google Suggest API
パーソナルジム 口コミ,上大岡 パーソナルジム 口コミ,3,Google Suggest API
パーソナルジム 口コミ,京都 パーソナルジム 口コミ,3,Google Suggest API
パーソナルジム 口コミ,名古屋 パーソナルジム 口コミ,3,Google Suggest API
パーソナルジム 口コミ,太田市 パーソナルジム 口コミ,3,Google Suggest API
パーソナルジム 口コミ,徳島 パーソナルジム 口コミ,3,Google Suggest API
パーソナルジム 口コミ,横浜 パーソナルジム 口コミ,3,Google Suggest API
パーソナルジム 口コミ,福岡 パーソナルジム 口コミ,3,Google Suggest API
パーソナルジム 口コミ,立川 パーソナルジム 口コミ,3,Google Suggest API
パーソナルジム 体験,nexus パーソナルジム 体験,3,Google Suggest API
パーソナルジム 体験,w2 パーソナルジム 体験,3,Google Suggest API
パーソナルジム 体験,パーソナルジム ペア 横浜 体験,4,Google Suggest API
パーソナルジム 体験,パーソナルジム 体験,2,Google Suggest API
パーソナルジム 体験,パーソナルジム 体験 だけ,3,Google Suggest API
パーソナルジム 体験,パーソナルジム 体験 はしご,3,Google Suggest API
パーソナルジム 体験,パーソナルジム 体験 ブログ,3,Google Suggest API
パーソナルジム 体験,パーソナルジム 体験 京都,3,Google Suggest API
パーソナルジム 体験,パーソナルジム 体験 何する,3,Google Suggest API
パーソナルジム 体験,パーソナルジム 体験 名古屋,3,Google Suggest API
パーソナルジム 体験,パーソナルジム 体験 大阪,3,Google Suggest API
パーソナルジム 体験,パーソナルジム 体験 女性,3,Google Suggest API
パーソナルジム 体験,パーソナルジム 体験 女性トレーナー,3,Google Suggest API
パーソナルジム 体験,パーソナルジム 体験 持ち物,3,Google Suggest API
パーソナルジム 体験,パーソナルジム 体験 新宿,3,Google Suggest API
パーソナルジム 体験,パーソナルジム 体験 時間,3,Google Suggest API
パーソナルジム 体験,パーソナルジム 体験 服装,3,Google Suggest API
パーソナルジム 体験,パーソナルジム 体験 札幌,3,Google Suggest API
パーソナルジム 体験,パーソナルジム 体験 東京,3,Google Suggest API
パーソナルジム 体験,パーソナルジム 体験 横浜,3,Google Suggest API
パーソナルジム 体験,パーソナルジム 体験 流れ,3,Google Suggest API
パーソナルジム 体験,パーソナルジム 体験 無料,3,Google Suggest API
パーソナルジム 体験,パーソナルジム 体験 近く,3,Google Suggest API
パーソナルジム 体験,パーソナルジム 体験 銀座,3,Google Suggest API
パーソナルジム 体験,パーソナルジム 体験だけ,2,Google Suggest API
パーソナルジム 体験,パーソナルジム 体験談,2,Google Suggest API
パーソナルジム 体験,パーソナルジム 福岡 体験,3,Google Suggest API
パーソナルジム 体験,三宮 パーソナルジム 体験,3,Google Suggest API
パーソナルジム 体験,中目黒 パーソナルジム 体験,3,Google Suggest API
パーソナルジム 体験,五反田 パーソナルジム 体験,3,Google Suggest API
パーソナルジム 体験,仙台 パーソナルジム 体験,3,Google Suggest API
パーソナルジム 体験,六本木 パーソナルジム 体験,3,Google Suggest API
パーソナルジム 体験,北千住 パーソナルジム 体験,3,Google Suggest API
パーソナルジム 体験,吉祥寺 パーソナルジム 体験,3,Google Suggest API
パーソナルジム 体験,大宮 パーソナルジム 体験,3,Google Suggest API
パーソナルジム 体験,天王寺 パーソナルジム 体験,3,Google Suggest API
パーソナルジム 体験,川崎 パーソナルジム 体験,3,Google Suggest API
パーソナルジム 体験,川越 パーソナルジム 体験,3,Google Suggest API
パーソナルジム 体験,広島 パーソナルジム 体験,3,Google Suggest API
パーソナルジム 体験,心斎橋 パーソナル ジム 体験,4,Google Suggest API
パーソナルジム 体験,恵比寿 パーソナルジム 体験,3,Google Suggest API
パーソナルジム 体験,柏 パーソナルジム 体験,3,Google Suggest API
パーソナルジム 体験,梅田 パーソナルジム 体験,3,Google Suggest API
パーソナルジム 体験,武蔵小杉 パーソナルジム 体験,3,Google Suggest API
パーソナルジム 体験,江坂 パーソナルジム 体験,3,Google Suggest API
パーソナルジム 体験,沖縄 パーソナルジム 体験,3,Google Suggest API
パーソナルジム 体験,津田沼 パーソナルジム 体験,3,Google Suggest API
パーソナルジム 体験,浜松 パーソナルジム 体験,3,Google Suggest API
パーソナルジム 体験,渋谷 パーソナルジム 体験,3,Google Suggest API
パーソナルジム 体験,熊本 パーソナルジム 体験,3,Google Suggest API
パーソナルジム 体験,町田 パーソナルジム 体験,3,Google Suggest API
パーソナルジム 体験,目黒 パーソナルジム 体験,3,Google Suggest API
パーソナルジム 体験,立川 パーソナルジム 体験,3,Google Suggest API
パーソナルジム 体験,自由が丘 パーソナルジム 体験,3,Google Suggest API
パーソナルジム 体験,船橋 パーソナルジム 体験,3,Google Suggest API
パーソナルジム 体験,荻窪 パーソナルジム 体験,3,Google Suggest API
パーソナルジム 体験,蒲田 パーソナルジム 体験,3,Google Suggest API
パーソナルジム 体験,麻布十番 パーソナルジム 体験,3,Google Suggest API
パーソナルジム 短期,パーソナルジム 短期,2,Google Suggest API
パーソナルジム 短期,パーソナルジム 短期 安い,3,Google Suggest API
パーソナルジム 短期,パーソナルジム 短期間,2,Google Suggest API
パーソナルジム 短期,パーソナルジム 短期集中,2,Google Suggest API
パーソナルジム 短期,パーソナルジム 短期集中 安い,3,Google Suggest API
パーソナルジム 短期,大阪 パーソナルジム 短期,3,Google Suggest API
パーソナルジム 短期,短期集中ダイエット パーソナルジム,2,Google Suggest API
パーソナルジム 短期,草加 パーソナルジム 短期,3,Google Suggest API
パーソナルジム 継続,パーソナルジム 継続,2,Google Suggest API
パーソナルジム 継続,パーソナルジム 継続型,2,Google Suggest API
パーソナルジム 継続,パーソナルジム 継続期間,2,Google Suggest API
パーソナルジム 継続,パーソナルジム 継続率,2,Google Suggest API
パーソナルジム 朝,パーソナルジム hanegym 朝霞店 朝霞市 レビュー,5,Google Suggest API
パーソナルジム 朝,パーソナルジム かたぎり塾 朝霞台店,3,Google Suggest API
パーソナルジム 朝,パーソナルジム 朝,2,Google Suggest API
パーソナルジム 朝,パーソナルジム 朝倉,2,Google Suggest API
パーソナルジム 朝,パーソナルジム 朝倉市,2,Google Suggest API
パーソナルジム 朝,パーソナルジム 朝霞,2,Google Suggest API
パーソナルジム 朝,パーソナルジム 朝霞台,2,Google Suggest API
パーソナルジム 夜,パーソナルジム 夜,2,Google Suggest API
パーソナルジム 夜,パーソナルジム 夜遅く,2,Google Suggest API
パーソナルジム 夜,夜職 パーソナルジム,2,Google Suggest API
パーソナルジム 夜,夜職専門 パーソナルジム,2,Google Suggest API
パーソナルジム 土日,パーソナルジム 土日,2,Google Suggest API
パーソナルジム 土日,パーソナルジム 土日だけ,2,Google Suggest API
パーソナルジム 土日,土日休み パーソナルジム,2,Google Suggest API
パーソナルジム 予約,w2 パーソナルジム 予約,3,Google Suggest API
パーソナルジム 予約,パーソナルジム 予約,2,Google Suggest API
パーソナルジム 予約,パーソナルジム 予約 取れない,3,Google Suggest API
パーソナルジム 予約,パーソナルジム 予約システム,2,Google Suggest API
パーソナルジム 予約,パーソナルジム 予約取れない,2,Google Suggest API
パーソナルジム 予約,パーソナルジム 予約管理システム,2,Google Suggest API
社会人 ジム,ジム 社会人 女,3,Google Suggest API
社会人 ジム,レスリング 社会人 ジム,3,Google Suggest API
社会人 ジム,国家一般職 社会人 事務,3,Google Suggest API
社会人 ジム,国家公務員 社会人 事務,3,Google Suggest API
社会人 ジム,社会人 2年目 転職 事務,4,Google Suggest API
社会人 ジム,社会人 ジム,2,Google Suggest API
社会人 ジム,社会人 ジム いつ,3,Google Suggest API
社会人 ジム,社会人 ジム いつ行く,3,Google Suggest API
社会人 ジム,社会人 ジム おすすめ,3,Google Suggest API
社会人 ジム,社会人 ジム なんj,3,Google Suggest API
社会人 ジム,社会人 ジム スケジュール,3,Google Suggest API
社会人 ジム,社会人 ジム スーツ,3,Google Suggest API
社会人 ジム,社会人 ジム タイミング,3,Google Suggest API
社会人 ジム,社会人 ジム バッグ,3,Google Suggest API
社会人 ジム,社会人 ジム メニュー,3,Google Suggest API
社会人 ジム,社会人 ジム メリット,3,Google Suggest API
社会人 ジム,社会人 ジム リュック,3,Google Suggest API
社会人 ジム,社会人 ジム ルーティン,3,Google Suggest API
社会人 ジム,社会人 ジム 何時,3,Google Suggest API
社会人 ジム,社会人 ジム 何時間,3,Google Suggest API
社会人 ジム,社会人 ジム 出会い,3,Google Suggest API
社会人 ジム,社会人 ジム 割合,3,Google Suggest API
社会人 ジム,社会人 ジム 勉強,3,Google Suggest API
社会人 ジム,社会人 ジム 土日だけ,3,Google Suggest API
社会人 ジム,社会人 ジム 女性,3,Google Suggest API
社会人 ジム,社会人 ジム 時間,3,Google Suggest API
社会人 ジム,社会人 ジム 時間 ない,4,Google Suggest API
社会人 ジム,社会人 ジム 時間帯,3,Google Suggest API
社会人 ジム,社会人 ジム 朝,3,Google Suggest API
社会人 ジム,社会人 ジム 続かない,3,Google Suggest API
社会人 ジム,社会人 ジム 荷物,3,Google Suggest API
社会人 ジム,社会人 ジム 行けない,3,Google Suggest API
社会人 ジム,社会人 ジム 週2,3,Google Suggest API
社会人 ジム,社会人 ジム 週何回,3,Google Suggest API
社会人 ジム,社会人 ジム 頻度,3,Google Suggest API
社会人 ジム,社会人 ジム通い,2,Google Suggest API
社会人 ジム,社会人 ダイエット ジム,3,Google Suggest API
社会人 ジム,社会人 事務 資格,3,Google Suggest API
社会人 ジム,社会人 仕事終わり ジム,3,Google Suggest API
社会人 ジム,社会人 平日 ジム,3,Google Suggest API
社会人 ジム,社会人 昼休み ジム,3,Google Suggest API
社会人 ジム,社会人 水泳 ジム,3,Google Suggest API
社会人 ジム,社会人 運動 ジム,3,Google Suggest API
社会人 ジム 続かない,社会人 ジム 続かない,3,Google Suggest API
社会人 筋トレ,バスケ 筋トレ 社会人,3,Google Suggest API
社会人 筋トレ,社会人 勉強 筋トレ スケジュール,4,Google Suggest API
社会人 筋トレ,社会人 平日 筋トレ,3,Google Suggest API
社会人 筋トレ,社会人 昼休み 筋トレ,3,Google Suggest API
社会人 筋トレ,社会人 減量 筋トレ,3,Google Suggest API
社会人 筋トレ,社会人 筋トレ,2,Google Suggest API
社会人 筋トレ,社会人 筋トレ いつ,3,Google Suggest API
社会人 筋トレ,社会人 筋トレ いつやる,3,Google Suggest API
社会人 筋トレ,社会人 筋トレ きつい,3,Google Suggest API
社会人 筋トレ,社会人 筋トレ すごい,3,Google Suggest API
社会人 筋トレ,社会人 筋トレ できない,3,Google Suggest API
社会人 筋トレ,社会人 筋トレ なん j,4,Google Suggest API
社会人 筋トレ,社会人 筋トレ なんj,3,Google Suggest API
社会人 筋トレ,社会人 筋トレ サークル,3,Google Suggest API
社会人 筋トレ,社会人 筋トレ スケジュール,3,Google Suggest API
社会人 筋トレ,社会人 筋トレ タイミング,3,Google Suggest API
社会人 筋トレ,社会人 筋トレ メリット,3,Google Suggest API
社会人 筋トレ,社会人 筋トレ ルーティン,3,Google Suggest API
社会人 筋トレ,社会人 筋トレ 分割,3,Google Suggest API
社会人 筋トレ,社会人 筋トレ 割合,3,Google Suggest API
社会人 筋トレ,社会人 筋トレ 効果,3,Google Suggest API
社会人 筋トレ,社会人 筋トレ 勉強,3,Google Suggest API
社会人 筋トレ,社会人 筋トレ 昼飯,3,Google Suggest API
社会人 筋トレ,社会人 筋トレ 時間,3,Google Suggest API
社会人 筋トレ,社会人 筋トレ 時間 ない,4,Google Suggest API
社会人 筋トレ,社会人 筋トレ 時間ない,3,Google Suggest API
社会人 筋トレ,社会人 筋トレ 朝,3,Google Suggest API
社会人 筋トレ,社会人 筋トレ 朝 夜,4,Google Suggest API
社会人 筋トレ,社会人 筋トレ 無理,3,Google Suggest API
社会人 筋トレ,社会人 筋トレ 知恵袋,3,Google Suggest API
社会人 筋トレ,社会人 筋トレ 自宅,3,Google Suggest API
社会人 筋トレ,社会人 筋トレ 週何回,3,Google Suggest API
社会人 筋トレ,社会人 筋トレ 間食,3,Google Suggest API
社会人 筋トレ,社会人 筋トレ 頻度,3,Google Suggest API
社会人 筋トレ,社会人 筋トレ 食事,3,Google Suggest API
社会人 筋トレ,社会人 筋トレなんj,2,Google Suggest API
社会人 筋トレ,社会人 筋トレ時間 ない,3,Google Suggest API
社会人 筋トレ,社会人 趣味 筋トレ,3,Google Suggest API
社会人 筋トレ,筋トレ 勉強 両立 社会人,4,Google Suggest API
社会人 ダイエット,ダイエット 一日 スケジュール 社会人,4,Google Suggest API
社会人 ダイエット,社会人 お昼 ダイエット,3,Google Suggest API
社会人 ダイエット,社会人 ダイエット,2,Google Suggest API
社会人 ダイエット,社会人 ダイエット おすすめ,3,Google Suggest API
社会人 ダイエット,社会人 ダイエット ジム,3,Google Suggest API
社会人 ダイエット,社会人 ダイエット スケジュール,3,Google Suggest API
社会人 ダイエット,社会人 ダイエット スポーツ,3,Google Suggest API
社会人 ダイエット,社会人 ダイエット ランチ,3,Google Suggest API
社会人 ダイエット,社会人 ダイエット 女,3,Google Suggest API
社会人 ダイエット,社会人 ダイエット 昼飯,3,Google Suggest API
社会人 ダイエット,社会人 ダイエット 時間がない,3,Google Suggest API
社会人 ダイエット,社会人 ダイエット 無理,3,Google Suggest API
社会人 ダイエット,社会人 ダイエット 男,3,Google Suggest API
社会人 ダイエット,社会人 ダイエット 運動,3,Google Suggest API
社会人 ダイエット,社会人 ダイエット 食事,3,Google Suggest API
社会人 ダイエット,社会人 プール ダイエット,3,Google Suggest API
社会人 ダイエット,社会人 休日 ダイエット,3,Google Suggest API
社会人 ダイエット,社会人 太った ダイエット,3,Google Suggest API
社会人 ダイエット,社会人 水泳 ダイエット,3,Google Suggest API
社会人 ダイエット,社会人 男性 ダイエット,3,Google Suggest API
社会人 運動,札幌 社会人 運動,3,Google Suggest API
社会人 運動,社会人 ダイエット 運動,3,Google Suggest API
社会人 運動,社会人 プール 運動,3,Google Suggest API
社会人 運動,社会人 仕事終わり 運動,3,Google Suggest API
社会人 運動,社会人 休日 運動,3,Google Suggest API
社会人 運動,社会人 健康 運動,3,Google Suggest API
社会人 運動,社会人 勉強 運動 両立,4,Google Suggest API
社会人 運動,社会人 夜 運動,3,Google Suggest API
社会人 運動,社会人 女 運動,3,Google Suggest API
社会人 運動,社会人 女性 運動 おすすめ,4,Google Suggest API
社会人 運動,社会人 帰宅後 運動,3,Google Suggest API
社会人 運動,社会人 週一 運動,3,Google Suggest API
社会人 運動,社会人 週末 運動,3,Google Suggest API
社会人 運動,社会人 運動,2,Google Suggest API
社会人 運動,社会人 運動 いつ,3,Google Suggest API
社会人 運動,社会人 運動 いつする,3,Google Suggest API
社会人 運動,社会人 運動 いつやる,3,Google Suggest API
社会人 運動,社会人 運動 おすすめ,3,Google Suggest API
社会人 運動,社会人 運動 できない,3,Google Suggest API
社会人 運動,社会人 運動 どれくらい,3,Google Suggest API
社会人 運動,社会人 運動 なんj,3,Google Suggest API
社会人 運動,社会人 運動 ウォーキング,3,Google Suggest API
社会人 運動,社会人 運動 コミュニティ,3,Google Suggest API
社会人 運動,社会人 運動 サークル,3,Google Suggest API
社会人 運動,社会人 運動 ジム,3,Google Suggest API
社会人 運動,社会人 運動 ジム以外,3,Google Suggest API
社会人 運動,社会人 運動 スケジュール,3,Google Suggest API
社会人 運動,社会人 運動 タイミング,3,Google Suggest API
社会人 運動,社会人 運動 データ,3,Google Suggest API
社会人 運動,社会人 運動 デート,3,Google Suggest API
社会人 運動,社会人 運動 メリット,3,Google Suggest API
社会人 運動,社会人 運動 ランキング,3,Google Suggest API
社会人 運動,社会人 運動 何 する,4,Google Suggest API
社会人 運動,社会人 運動 出会い,3,Google Suggest API
社会人 運動,社会人 運動 初心者,3,Google Suggest API
社会人 運動,社会人 運動 割合,3,Google Suggest API
社会人 運動,社会人 運動 効果,3,Google Suggest API
社会人 運動,社会人 運動 勉強,3,Google Suggest API
社会人 運動,社会人 運動 大会,3,Google Suggest API
社会人 運動,社会人 運動 女性,3,Google Suggest API
社会人 運動,社会人 運動 始める,3,Google Suggest API
社会人 運動,社会人 運動 家,3,Google Suggest API
社会人 運動,社会人 運動 平均,3,Google Suggest API
社会人 運動,社会人 運動 平日,3,Google Suggest API
社会人 運動,社会人 運動 手軽,3,Google Suggest API
社会人 運動,社会人 運動 時間,3,Google Suggest API
社会人 運動,社会人 運動 時間がない,3,Google Suggest API
社会人 運動,社会人 運動 時間帯,3,Google Suggest API
社会人 運動,社会人 運動 服,3,Google Suggest API
社会人 運動,社会人 運動 服装,3,Google Suggest API
社会人 運動,社会人 運動 楽しい,3,Google Suggest API
社会人 運動,社会人 運動 毎日,3,Google Suggest API
社会人 運動,社会人 運動 水泳,3,Google Suggest API
社会人 運動,社会人 運動 無理,3,Google Suggest API
社会人 運動,社会人 運動 理想,3,Google Suggest API
社会人 運動,社会人 運動 目安,3,Google Suggest API
社会人 運動,社会人 運動 目標,3,Google Suggest API
社会人 運動,社会人 運動 続かない,3,Google Suggest API
社会人 運動,社会人 運動 習い事,3,Google Suggest API
社会人 運動,社会人 運動 習慣,3,Google Suggest API
社会人 運動,社会人 運動 趣味,3,Google Suggest API
社会人 運動,社会人 運動 週何回,3,Google Suggest API
社会人 運動,社会人 運動 頻度,3,Google Suggest API
社会人 運動,社会人 運動不足,2,Google Suggest API
社会人 運動,社会人 運動不足解消,2,Google Suggest API
社会人 運動,社会人 運動会,2,Google Suggest API
社会人 運動,社会人 運動習慣,2,Google Suggest API
社会人 運動,運動 したい 社会人 女性,4,Google Suggest API
社会人 運動,運動 クラブ 社会人,3,Google Suggest API
社会人 運動,運動 スクール 社会人,3,Google Suggest API
社会人 運動,運動 大阪 社会人,3,Google Suggest API
社会人 運動不足,社会人 運動不足,2,Google Suggest API
社会人 運動不足,社会人 運動不足 なんj,3,Google Suggest API
社会人 運動不足,社会人 運動不足 データ,3,Google Suggest API
社会人 運動不足,社会人 運動不足 割合,3,Google Suggest API
社会人 運動不足,社会人 運動不足 原因,3,Google Suggest API
社会人 運動不足,社会人 運動不足 対策,3,Google Suggest API
社会人 運動不足,社会人 運動不足 改善,3,Google Suggest API
社会人 運動不足,社会人 運動不足 改善 方法,4,Google Suggest API
社会人 運動不足,社会人 運動不足 理由,3,Google Suggest API
社会人 運動不足,社会人 運動不足 知恵袋,3,Google Suggest API
社会人 運動不足,社会人 運動不足 習い事,3,Google Suggest API
社会人 運動不足,社会人 運動不足 解消,3,Google Suggest API
社会人 運動不足,社会人 運動不足解消,2,Google Suggest API
社会人 運動不足,運動不足 社会人 おすすめ,3,Google Suggest API
仕事帰り ジム,仕事帰り ジム,2,Google Suggest API
仕事帰り ジム,仕事帰り ジム おすすめ,3,Google Suggest API
仕事帰り ジム,仕事帰り ジム お腹空く,3,Google Suggest API
仕事帰り ジム,仕事帰り ジム きつい,3,Google Suggest API
仕事帰り ジム,仕事帰り ジム ご飯,3,Google Suggest API
仕事帰り ジム,仕事帰り ジム しんどい,3,Google Suggest API
仕事帰り ジム,仕事帰り ジム すごい,3,Google Suggest API
仕事帰り ジム,仕事帰り ジム なんj,3,Google Suggest API
仕事帰り ジム,仕事帰り ジム ウェア,3,Google Suggest API
仕事帰り ジム,仕事帰り ジム カバン,3,Google Suggest API
仕事帰り ジム,仕事帰り ジム シャワー,3,Google Suggest API
仕事帰り ジム,仕事帰り ジム シューズ,3,Google Suggest API
仕事帰り ジム,仕事帰り ジム スケジュール,3,Google Suggest API
仕事帰り ジム,仕事帰り ジム スーツ,3,Google Suggest API
仕事帰り ジム,仕事帰り ジム バッグ,3,Google Suggest API
仕事帰り ジム,仕事帰り ジム バッグ メンズ,4,Google Suggest API
仕事帰り ジム,仕事帰り ジム バッグ レディース,4,Google Suggest API
仕事帰り ジム,仕事帰り ジム バッグ 女性,4,Google Suggest API
仕事帰り ジム,仕事帰り ジム プロテイン,3,Google Suggest API
仕事帰り ジム,仕事帰り ジム メイク,3,Google Suggest API
仕事帰り ジム,仕事帰り ジム メニュー,3,Google Suggest API
仕事帰り ジム,仕事帰り ジム メリット,3,Google Suggest API
仕事帰り ジム,仕事帰り ジム リュック,3,Google Suggest API
仕事帰り ジム,仕事帰り ジム リュック 女性,4,Google Suggest API
仕事帰り ジム,仕事帰り ジム リュック 男性,4,Google Suggest API
仕事帰り ジム,仕事帰り ジム ロッカー,3,Google Suggest API
仕事帰り ジム,仕事帰り ジム 何時間,3,Google Suggest API
仕事帰り ジム,仕事帰り ジム 効果,3,Google Suggest API
仕事帰り ジム,仕事帰り ジム 化粧,3,Google Suggest API
仕事帰り ジム,仕事帰り ジム 夕飯,3,Google Suggest API
仕事帰り ジム,仕事帰り ジム 夜ご飯,3,Google Suggest API
仕事帰り ジム,仕事帰り ジム 女性,3,Google Suggest API
仕事帰り ジム,仕事帰り ジム 女性 食事,4,Google Suggest API
仕事帰り ジム,仕事帰り ジム 持ち物,3,Google Suggest API
仕事帰り ジム,仕事帰り ジム 時間,3,Google Suggest API
仕事帰り ジム,仕事帰り ジム 服,3,Google Suggest API
仕事帰り ジム,仕事帰り ジム 服装,3,Google Suggest API
仕事帰り ジム,仕事帰り ジム 混雑,3,Google Suggest API
仕事帰り ジム,仕事帰り ジム 無理,3,Google Suggest API
仕事帰り ジム,仕事帰り ジム 疲れ,3,Google Suggest API
仕事帰り ジム,仕事帰り ジム 疲れる,3,Google Suggest API
仕事帰り ジム,仕事帰り ジム 眠い,3,Google Suggest API
仕事帰り ジム,仕事帰り ジム 着替え,3,Google Suggest API
仕事帰り ジム,仕事帰り ジム 空腹,3,Google Suggest API
仕事帰り ジム,仕事帰り ジム 続かない,3,Google Suggest API
仕事帰り ジム,仕事帰り ジム 荷物,3,Google Suggest API
仕事帰り ジム,仕事帰り ジム 荷物 多い,4,Google Suggest API
仕事帰り ジム,仕事帰り ジム 荷物 女性,4,Google Suggest API
仕事帰り ジム,仕事帰り ジム 軽食,3,Google Suggest API
仕事帰り ジム,仕事帰り ジム 靴,3,Google Suggest API
仕事帰り ジム,仕事帰り ジム 風呂,3,Google Suggest API
仕事帰り ジム,仕事帰り ジム 食事,3,Google Suggest API
仕事帰り ジム,仕事帰り ジム 食事 ダイエット,4,Google Suggest API
仕事帰り ジム,仕事帰り ジムバッグ 女性,3,Google Suggest API
仕事帰り ジム,仕事帰り ジムバッグ 女性 ブランド,4,Google Suggest API
仕事帰り ジム,旦那 仕事帰り ジム,3,Google Suggest API
仕事帰り 筋トレ,仕事帰り 筋トレ,2,Google Suggest API
仕事帰り 筋トレ,仕事帰り 筋トレ 空腹,3,Google Suggest API
仕事帰り 筋トレ,仕事帰り 筋トレ 食事,3,Google Suggest API
ジム 続かない 社会人,社会人 ジム 続かない,3,Google Suggest API
ジム 週何回,ガリガリ ジム 週何回,3,Google Suggest API
ジム 週何回,ジム ウォーキング 週何回,3,Google Suggest API
ジム 週何回,ジム トレーニング 週何回,3,Google Suggest API
ジム 週何回,ジム プール 週何回,3,Google Suggest API
ジム 週何回,ジム ランニングマシン 週何回,3,Google Suggest API
ジム 週何回,ジム 全身法 週何回,3,Google Suggest API
ジム 週何回,ジム 有酸素運動 週何回,3,Google Suggest API
ジム 週何回,ジム 水泳 週何回,3,Google Suggest API
ジム 週何回,ジム 痩せるには 週何回,3,Google Suggest API
ジム 週何回,ジム 腹筋 週何回,3,Google Suggest API
ジム 週何回,ジム 週何回,2,Google Suggest API
ジム 週何回,ジム 週何回 おすすめ,3,Google Suggest API
ジム 週何回,ジム 週何回 なんj,3,Google Suggest API
ジム 週何回,ジム 週何回 ダイエット,3,Google Suggest API
ジム 週何回,ジム 週何回 ベスト,3,Google Suggest API
ジム 週何回,ジム 週何回 メニュー,3,Google Suggest API
ジム 週何回,ジム 週何回 ランニング,3,Google Suggest API
ジム 週何回,ジム 週何回 何時間,3,Google Suggest API
ジム 週何回,ジム 週何回 健康,3,Google Suggest API
ジム 週何回,ジム 週何回 元,3,Google Suggest API
ジム 週何回,ジム 週何回 元取れる,3,Google Suggest API
ジム 週何回,ジム 週何回 初心者,3,Google Suggest API
ジム 週何回,ジム 週何回 効果,3,Google Suggest API
ジム 週何回,ジム 週何回 女,3,Google Suggest API
ジム 週何回,ジム 週何回 女性,3,Google Suggest API
ジム 週何回,ジム 週何回 女性 ダイエット,4,Google Suggest API
ジム 週何回,ジム 週何回 平均,3,Google Suggest API
ジム 週何回,ジム 週何回 時間,3,Google Suggest API
ジム 週何回,ジム 週何回 理想,3,Google Suggest API
ジム 週何回,ジム 週何回 男,3,Google Suggest API
ジム 週何回,ジム 週何回 痩せる,3,Google Suggest API
ジム 週何回,ジム 週何回 知恵袋,3,Google Suggest API
ジム 週何回,ジム 週何回 筋トレ,3,Google Suggest API
ジム 週何回,ジム 週何回 筋肉,3,Google Suggest API
ジム 週何回,ジム 週何回 筋肥大,3,Google Suggest API
ジム 週何回,ダイエット目的 ジム 週何回,3,Google Suggest API
ジム 週何回,ボディメイク ジム 週何回,3,Google Suggest API
ジム 週何回,マッチョ ジム 週何回,3,Google Suggest API
ジム 週何回,大学生 ジム 週何回,3,Google Suggest API
ジム 週何回,格闘技 ジム 週何回,3,Google Suggest API
ジム 週何回,減量期 ジム 週何回,3,Google Suggest API
ジム 週何回,社会人 ジム 週何回,3,Google Suggest API
ジム 週何回,芸能人 ジム 週何回,3,Google Suggest API
ジム 効果 いつから,ジム いつから 効果 出る,4,Google Suggest API
ジム 効果 いつから,ジム の 効果 いつから,4,Google Suggest API
ジム 効果 いつから,ジム ダイエット 効果 いつから,4,Google Suggest API
ジム 効果 いつから,ジム ダイエット 効果 いつから 女性,5,Google Suggest API
ジム 効果 いつから,ジム トレーニング効果いつから,2,Google Suggest API
ジム 効果 いつから,ジム 効果 いつから,3,Google Suggest API
ジム 効果 いつから,ジム 効果 いつから 女性,4,Google Suggest API
ジム 効果 いつから,ジム 効果 いつから 男,4,Google Suggest API
ジム 効果 いつから,ジム 筋 トレ 効果 いつから,5,Google Suggest API
ジム 効果 いつから,ジム 通い 効果 いつから,4,Google Suggest API
ジム 効果 いつから,ジム 週 3 効果 いつから,5,Google Suggest API
ジム 効果 いつから,ジム 週 4 効果 いつから,5,Google Suggest API
ジム 効果 いつから,ジム 週2 効果 いつから,4,Google Suggest API
ジム 効果 いつから,スポーツ ジム 効果 いつから,4,Google Suggest API
ジム 効果 いつから,パーソナル ジム 効果 いつから,4,Google Suggest API
ジム 効果 いつから,週 2 ジム 効果 いつから,5,Google Suggest API
ジム 効果 いつから,週 3 ジム 効果 いつから,5,Google Suggest API
